"","Array","Site","Moose","Black Bear","White-Tailed Deer","Human","Marten","Coyote","Caribou","Wolf","Lynx","Red Squirrel","Snowshoe Hare","Rabbit","Fisher","Beaver","Red Fox","Wolverine","River Otter","Groundhog","Elk","Flying Squirrel","Weasel","Bison","Mule Deer","Grizzly Bear","Bighorn Sheep","Striped Skunk","Cougar","Marmot","Muskrat","Bobcat","Porcupine","Columbian Ground Squirrel","Badger","Raccoon","Bushy-Tailed Woodrat","Richardson's Ground Squirrel","Chipmunk","Mountain Goat","Golden-Mantled Ground Squirrel","Short-Tailed Weasel","Mink","Pika","n.days.active","x_coord","y_coord","water","shrub","grass","conifer","broadlf","mixed","snow","elev","tri","abandoned.wellsites","active.wellsites","cutblocks","roads","seismic","cultivation","transmission","railways","linear","block","RADIUS","NCELLS","AREA","MIN","MAX","RANGE","MEAN","STD","Black Bear.present","Coyote.present","Elk.present","Grizzly Bear.present","Human.present","Moose.present","White-Tailed Deer.present","Mule Deer.present","Red Squirrel.present","Marten.present","Red Fox.present","Snowshoe Hare.present","Wolverine.present","Lynx.present","Cougar.present","Bobcat.present","Flying Squirrel.present","Short-Tailed Weasel.present","Wolf.present","Porcupine.present","Striped Skunk.present","Bighorn Sheep.present","Vole.present","Badger.present","Columbian Ground Squirrel.present","Marmot.present","Raccoon.present","Bushy-Tailed Woodrat.present","Richardson's Ground Squirrel.present","Chipmunk.present","Mountain Goat.present","Golden-Mantled Ground Squirrel.present","Caribou.present","Fisher.present","Mink.present","Black Bear.absent","Coyote.absent","Elk.absent","Grizzly Bear.absent","Human.absent","Moose.absent","White-Tailed Deer.absent","Mule Deer.absent","Red Squirrel.absent","Marten.absent","Red Fox.absent","Snowshoe Hare.absent","Wolverine.absent","Lynx.absent","Cougar.absent","Bobcat.absent","Flying Squirrel.absent","Short-Tailed Weasel.absent","Wolf.absent","Porcupine.absent","Striped Skunk.absent","Bighorn Sheep.absent","Vole.absent","Badger.absent","Columbian Ground Squirrel.absent","Marmot.absent","Raccoon.absent","Bushy-Tailed Woodrat.absent","Richardson's Ground Squirrel.absent","Chipmunk.absent","Mountain Goat.absent","Golden-Mantled Ground Squirrel.absent","Caribou.absent","Fisher.absent","Mink.absent"
"1","Kananaskis","11NW",5,1,1,2,0,2,0,0,0,0,0,0,0,0,0,0,0,0,2,0,0,0,0,1,0,0,0,0,0,0,0,0,0,0,0,0,0,0,0,0,0,0,117,627899.999998696,5630291.00012496,0,0.127197270705093,0,0.469746806567754,0.261997206017479,0.035724554928301,0.405501090611021,1852.42378210488,26.7644799083186,0,0,0,0.019711944244807,0.012661913814781,0,0,0,0.012661913814781,0,1000,58,3113723.61999979,6749,8976,2227,7760.62068965517,526.660651967239,1,2,2,1,4,4,3,0,0,0,0,0,0,0,0,0,0,0,0,0,0,0,0,0,0,0,0,0,0,0,0,0,0,0,0,24,23,23,24,21,21,22,25,25,25,25,25,25,25,25,25,25,25,25,25,25,25,25,25,25,25,25,25,25,25,25,25,25,25,25
"2","Kananaskis","14",11,5,12,3,0,4,0,0,0,0,0,0,0,0,0,0,0,0,0,0,0,0,3,0,0,0,0,0,0,0,0,0,0,0,0,0,0,0,0,0,0,0,184,670722.999998275,5626480.00012493,0,0.165956632911815,0.038207031808038,0.323551954910753,0.130793493797107,0.224778185786909,0,1454.85869986031,13.0662469956481,0,0.007986900864819,0.11232672474902,0.015316943836105,0.012517607793775,0,0,0,0.012517607793775,0.120313625613839,1000,58,3113723.61999988,6896,8634,1738,7953.03448275862,525.968170189337,4,8,0,0,7,15,13,3,1,0,0,0,0,0,0,0,0,0,0,0,0,0,0,0,0,0,0,0,0,0,0,0,0,0,0,50,46,54,54,47,39,41,51,53,54,54,54,54,54,54,54,54,54,54,54,54,54,54,54,54,54,54,54,54,54,54,54,54,54,54
"3","Kananaskis","16",0,0,0,1,5,0,0,0,0,0,2,0,0,0,0,3,0,0,0,0,0,0,0,1,0,0,0,0,0,0,0,0,0,0,0,0,0,0,0,0,0,0,160,621625.999998764,5610327.00012487,0.145486417914953,0.213513317559543,0,0.253390374870681,0.058759997146256,0,0.964705884456635,2269.88832199194,31.0179761585436,0,0,0,0,0.004145967378756,0,0,0,0.004145967378756,0,1000,57,3060038.73000005,1342,9332,7990,5977.10526315789,2253.00193258192,0,0,0,1,1,0,0,0,0,12,1,6,5,0,0,0,0,0,0,0,0,0,0,0,0,0,0,0,0,0,0,0,0,0,0,47,47,47,46,46,47,47,47,47,35,46,41,42,47,47,47,47,47,47,47,47,47,47,47,47,47,47,47,47,47,47,47,47,47,47
"4","Kananaskis","22S",0,0,0,2,0,0,0,0,0,0,0,0,0,0,0,0,0,0,0,0,0,0,0,0,0,0,0,0,0,0,0,0,0,0,0,0,0,0,0,0,0,0,34,628418.999998698,5608292.00012486,0.332187986752738,0.111517755553556,0,0.407992459390179,0.109963275238078,0,0.524509817361832,1789.34358671624,22.3740024382662,0,0,0,0,0,0,0,0,0,0,1000,59,3167408.50999978,-1724,9195,10919,5827.30508474576,2871.50921904473,0,0,0,0,2,0,0,0,0,0,0,0,0,0,0,0,0,0,0,0,0,0,0,0,0,0,0,0,0,0,0,0,0,0,0,5,5,5,5,3,5,5,5,5,5,5,5,5,5,5,5,5,5,5,5,5,5,5,5,5,5,5,5,5,5,5,5,5,5,5
"5","Kananaskis","23S",1,0,1,2,1,0,0,0,1,0,3,0,0,0,0,0,0,0,0,0,0,0,1,3,0,0,0,0,0,0,0,0,0,0,0,0,0,0,0,0,0,0,157,642473.999998549,5635995.00012499,0,0.017929067114292,0.000176029233778,0.043833758980636,0,0,0.600490212440491,2352.68729329947,38.4014681002583,0,0,0,0,0,0,0,0,0,0,1000,58,3113723.61999979,1722,6463,4741,2834.65517241379,941.835690182121,0,0,0,3,2,1,1,1,0,1,0,3,0,1,0,0,0,0,0,0,0,0,0,0,0,0,0,0,0,0,0,0,0,0,0,23,23,23,20,21,22,22,22,23,22,23,20,23,22,23,23,23,23,23,23,23,23,23,23,23,23,23,23,23,23,23,23,23,23,23
"6","Kananaskis","27A",0,0,4,0,5,2,0,0,0,1,1,0,0,0,0,0,0,0,0,0,0,0,0,2,0,0,0,0,0,0,0,0,0,0,0,0,0,0,0,0,0,0,184,647908.999998512,5594609.00012478,0,0.109920419800986,0,0.686785236109621,0.164271014026585,0,0.54793028285106,2157.68054791793,28.9051688975115,0,0,0.400955752488645,0,0.036560845642089,0,0,0,0.036560845642089,0.400955752488645,1000,58,3113723.61999979,4659,8980,4321,7608.63793103448,818.035044740323,0,2,0,2,1,0,3,0,1,12,0,2,1,0,0,0,0,0,0,0,0,0,0,0,0,0,0,0,0,0,0,0,0,0,0,54,52,54,52,53,54,51,54,53,42,54,52,53,54,54,54,54,54,54,54,54,54,54,54,54,54,54,54,54,54,54,54,54,54,54
"7","Kananaskis","3",2,0,1,8,0,2,0,0,0,3,2,0,0,0,0,0,0,0,0,0,0,0,3,1,0,0,0,0,0,0,0,0,0,0,0,0,0,0,0,0,0,0,184,643347.999998534,5650536.00012505,0,0.031097170722404,0,0.901929288846715,0,0.021535623351909,0.0138888889923692,1737.69686657869,25.1839796621588,0,0,0,0.008519289054979,0.003111524669237,0,0,0,0.003111524669237,0,1000,58,3113723.61999988,6890,7922,1032,7563.74137931034,255.815164977715,0,4,0,2,10,4,1,3,5,7,0,4,0,0,3,0,0,0,0,0,0,0,0,0,0,0,0,0,0,0,0,0,0,0,0,53,49,53,51,43,49,52,50,48,46,53,49,53,53,50,53,53,53,53,53,53,53,53,53,53,53,53,53,53,53,53,53,53,53,53
"8","Kananaskis","31",1,0,1,1,0,0,0,1,0,0,1,0,0,0,0,0,0,0,0,0,0,0,0,0,0,0,0,0,0,0,0,0,0,0,0,0,0,0,0,0,0,0,128,664996.999998353,5576373.00012468,0,0.040687298237935,0,0.942002282910957,0,0,0.0277777779847383,1793.94512861203,17.0481463701297,0,0,0.010228635362052,0.000818234169046,0.027048491537118,0,0,0,0.027048491537118,0.010228635362052,1000,59,3167408.50999978,7259,8058,799,7659.16949152542,172.913729105875,0,0,0,1,1,2,1,0,2,0,0,3,0,1,0,1,3,2,1,0,0,0,0,0,0,0,0,0,0,0,0,0,0,0,0,35,35,35,34,34,33,34,35,33,35,35,32,35,34,35,34,32,33,34,35,35,35,35,35,35,35,35,35,35,35,35,35,35,35,35
"9","Kananaskis","34",1,0,2,0,0,4,0,0,0,2,0,0,0,0,0,0,0,0,0,0,0,0,2,3,0,0,0,0,0,0,0,0,0,0,0,0,0,0,0,0,0,0,117,671842.999998292,5566058.00012462,0,0.14600832871836,0,0.810876149951007,0,0,0.194444451481104,1937.0608131384,29.1574550986676,0,0,0.211069947941129,0.013957678602544,0.002767268937857,0,0,0,0.002767268937857,0.211069947941129,1000,62,3328463.17999987,6398,7764,1366,7053.64516129032,282.110313402748,0,2,0,2,0,1,2,2,2,4,0,2,3,0,0,0,0,0,1,0,0,0,0,0,0,0,0,0,0,0,0,0,0,0,0,34,32,34,32,34,33,32,32,32,30,34,32,31,34,34,34,34,34,33,34,34,34,34,34,34,34,34,34,34,34,34,34,34,34,34
"10","Kananaskis","4",4,2,1,2,0,7,0,0,0,1,0,0,0,0,7,0,0,0,0,0,0,0,5,0,0,0,1,0,0,0,0,0,0,0,0,0,0,0,0,0,0,0,184,649199.999998475,5650202.00012505,0,0.060049700356558,0.09615657475092,0.722128287115429,0,0,0.0694444449618459,1749.4070686121,26.0736178072116,0,0,0,0.016984131654131,0,0,0,0,0,0,1000,58,3113723.61999979,5855,7877,2022,7304.96551724137,370.6712441298,3,6,0,0,4,6,1,7,5,6,14,0,0,0,1,0,3,0,2,0,0,0,0,0,0,0,0,0,0,0,0,0,0,0,0,51,48,54,54,50,48,53,47,49,48,40,54,54,54,53,54,51,54,52,54,54,54,54,54,54,54,54,54,54,54,54,54,54,54,54
"11","Kananaskis","8",0,6,1,2,0,2,0,0,0,1,0,0,0,0,0,0,0,0,0,1,0,0,10,0,0,0,1,0,0,1,0,0,0,0,0,0,0,0,0,0,0,0,184,654931.999998423,5641373.00012501,0,0.03144775276979,0.107290206043529,0.578936913740963,0,0.007642844264046,0.0555555559694767,1698.77949916295,40.7337935190352,0.016557340290488,0.006384798030014,0,0.013758157293632,0.005967546024057,0,0,0,0.005967546024057,0.022942138320502,1000,58,3113723.61999979,3953,7519,3566,6408.56896551724,967.428890945927,7,11,0,0,4,0,2,12,3,0,1,0,0,0,1,1,2,0,0,0,0,0,0,0,0,0,0,0,0,0,0,0,0,0,0,47,43,54,54,50,54,52,42,51,54,53,54,54,54,53,53,52,54,54,54,54,54,54,54,54,54,54,54,54,54,54,54,54,54,54
"12","Kananaskis","9",2,1,6,4,1,4,0,0,0,0,0,0,0,0,0,0,0,0,0,0,0,0,1,0,0,0,0,0,0,0,0,0,0,0,0,0,0,0,0,0,0,0,184,665315.999998323,5636901.00012498,0,0.336774828000182,0.077820355688804,0.395892994263279,0.018822360115993,0.06403112642406,0.0185185186564922,1508.01337396064,11.3412925008792,0,0,0.372027266104122,0.019955297851448,0.010499832516906,0,0,0,0.010499832516906,0.372027266104122,1000,58,3113723.61999988,6954,8283,1329,7806.08620689655,319.131865755808,1,11,0,0,6,3,10,1,0,1,0,1,0,0,0,0,0,0,1,0,0,0,0,0,0,0,0,0,0,0,0,0,0,0,0,52,42,53,53,47,50,43,52,53,52,53,52,53,53,53,53,53,53,52,53,53,53,53,53,53,53,53,53,53,53,53,53,53,53,53
"13","Kananaskis","Cell 10 2011/12",3,1,0,5,3,1,0,0,0,0,0,0,0,0,0,4,0,0,1,0,0,0,3,7,0,0,0,0,0,0,0,0,0,0,0,0,0,0,0,0,0,0,368,618195.999998792,5627432.00012495,0.073050573608593,0.113969295791456,0,0.722095033878397,0.033039733827701,0.017824995509399,0.866625815629959,2027.50699439416,29.0092634054331,0,0,0.278475729277902,0,0.017491685323885,0,0,0,0.017491685323885,0.278475729277902,1000,59,3167408.51000005,3494,8673,5179,7420.2033898305,980.728383408175,1,1,1,6,13,3,0,3,1,17,0,7,4,0,0,0,0,0,0,0,0,0,0,0,0,0,0,0,0,0,0,0,0,0,0,118,118,118,113,106,116,119,116,118,102,119,112,115,119,119,119,119,119,119,119,119,119,119,119,119,119,119,119,119,119,119,119,119,119,119
"14","Kananaskis","Cell 10 NE 2011/12",3,0,0,10,8,0,0,0,1,5,8,0,0,0,0,0,0,0,0,1,0,0,1,5,0,0,1,0,0,0,0,0,0,0,0,0,0,0,0,0,0,0,326,620495.999998769,5627994.00012496,0.000960904972374,0.001253843632182,0,0.940584466266059,0,0,0.46977125108242,2004.76018621983,15.9114783849472,0,0,0.645986156213231,0.008675518997955,0.036171457574779,0,0,0,0.036171457574779,0.645986156213231,1000,58,3113723.62000005,6547,8318,1771,7783.58620689655,386.905451984417,0,0,0,5,20,3,0,1,9,7,0,17,0,1,1,0,1,0,0,0,0,0,0,0,0,0,0,0,0,0,0,0,0,0,0,101,101,101,96,81,98,101,100,92,94,101,84,101,100,100,101,100,101,101,101,101,101,101,101,101,101,101,101,101,101,101,101,101,101,101
"15","Kananaskis","Cell 10 SW 2011/12",2,1,0,9,7,0,0,0,0,1,1,0,0,0,0,0,0,0,0,1,0,0,0,6,0,0,0,0,0,0,1,0,0,0,0,0,0,0,0,0,0,0,316,616874.999998805,5626058.00012495,0.027972640468042,0.142110274373635,0,0.612193183551172,0.037063273067675,0.01215511516552,0.931372535228729,2066.14014297877,29.1979342240554,0,0,0.060298508782408,0,0.004188996726359,0,0,0,0.004188996726359,0.060298508782408,1000,56,3006353.84000005,3509,8920,5411,7235.10714285714,1453.3797640398,1,0,0,6,15,3,0,0,1,9,0,4,0,0,0,0,1,0,0,1,0,0,0,0,0,0,0,0,0,0,0,0,0,0,0,98,99,99,93,84,96,99,99,98,90,99,95,99,99,99,99,98,99,99,98,99,99,99,99,99,99,99,99,99,99,99,99,99,99,99
"16","Kananaskis","Cell 11 SW 2013",0,2,77,8,0,11,0,1,0,3,2,0,0,0,0,0,0,0,14,3,0,0,3,1,0,0,0,0,0,0,0,0,0,0,0,0,0,0,0,0,0,0,184,631078.999998659,5642024.00012502,4.08091944e-07,0.235825232171668,0.177739284544415,0.277378967859461,0,0,0,1456.96929205499,4.50109809311257,0,0,0,0.025132640073067,0.007657077662951,0,0.024416616364481,0,0.032073694027432,0,1000,58,3113723.61999979,5576,8211,2635,7203.15517241379,699.455793425144,2,12,14,1,14,0,26,3,7,0,0,2,0,0,0,0,3,0,1,0,0,0,0,0,0,0,0,0,0,0,0,0,0,0,0,44,34,32,45,32,46,20,43,39,46,46,44,46,46,46,46,43,46,45,46,46,46,46,46,46,46,46,46,46,46,46,46,46,46,46
"17","Kananaskis","Cell 12 2013",20,0,23,13,0,29,0,0,0,3,5,0,0,0,0,0,0,0,0,2,0,0,47,0,0,0,1,0,0,0,0,0,0,0,0,0,0,0,0,0,0,0,390,646430.999998507,5642517.00012502,0,0.101481819645958,0.023931996348066,0.766768580950337,0.046550188211392,0,0.0972222229465842,1770.12311595659,14.2107978649078,0,0,0.029884218120212,0.012314986300017,0.004603994353884,0,0,0,0.004603994353884,0.029884218120212,1000,60,3221093.39999978,5167,7988,2821,7231.35,654.074940278247,0,21,0,2,15,14,18,24,6,0,0,9,0,0,1,0,4,0,0,0,0,0,0,0,0,0,0,0,0,0,0,0,0,0,0,130,109,130,128,115,116,112,106,124,130,130,121,130,130,129,130,126,130,130,130,130,130,130,130,130,130,130,130,130,130,130,130,130,130,130
"18","Kananaskis","Cell 13 2013",0,1,0,14,0,18,0,0,0,3,3,0,0,0,0,0,0,0,0,0,0,0,4,1,0,0,0,0,0,0,0,0,0,0,0,0,0,0,0,0,0,0,235,654489.999998428,5641421.00012501,0,0.025126901697228,0.114820335105314,0.583786415008569,0,0.007642844264043,0.0972222229465842,1710.16396312225,39.892176652566,0.016557320087876,0.006384798030012,0,0.011674689235032,0.004068670467972,0,0,0,0.004068670467972,0.022942118117888,1000,58,3113723.61999979,3917,7519,3602,6349.06896551724,1136.75683358053,1,26,0,1,15,1,0,6,5,1,0,3,0,0,0,1,0,0,0,0,0,0,0,0,0,0,0,0,0,0,0,0,0,0,0,62,37,63,62,48,62,63,57,58,62,63,60,63,63,63,62,63,63,63,63,63,63,63,63,63,63,63,63,63,63,63,63,63,63,63
"19","Kananaskis","Cell 15 2013",4,5,18,5,0,7,0,0,0,1,4,0,0,0,0,0,0,0,3,1,0,0,4,0,0,1,2,0,0,0,0,0,0,0,0,0,0,0,0,0,0,0,368,674559.999998229,5642460.000125,0.010577937993754,0.010758630379693,0.111820485349717,0.264805560509289,0.137617482138145,0.248216054118187,0,1352.01010556764,4.58713637726216,0,0.006919468339044,0.0006829755612,0.023169027296052,0.01925310152852,0.102516718277863,0,0,0.01925310152852,0.110119162178107,1000,60,3221093.39999978,6900,8121,1221,7666.51666666666,238.705501379614,5,10,3,2,5,4,17,4,4,0,0,6,0,0,4,1,4,0,1,0,2,0,0,0,0,0,0,0,0,0,0,0,0,0,0,99,94,101,102,99,100,87,100,100,104,104,98,104,104,100,103,100,104,103,104,102,104,104,104,104,104,104,104,104,104,104,104,104,104,104
"20","Kananaskis","Cell 16 2013",3,1,5,4,0,1,0,0,0,1,0,0,0,0,0,0,0,0,1,0,0,0,2,0,0,0,0,0,0,0,0,0,0,0,0,0,0,0,0,0,0,0,170,681635.99999816,5640470.00012499,0.034441364801979,0.003831590849932,0.141913074326026,0.273902211852566,0.121680423832639,0.058270126504762,0,1261.29133113581,9.50957642576565,0.003312160058509,0,0.113917494167582,0.014661954167209,0.019783061063654,0.206676359450397,0,0,0.019783061063654,0.323906013676488,1000,59,3167408.50999988,7014,8737,1723,8055.10169491525,358.055847121849,1,1,1,0,5,3,6,4,1,0,0,0,0,0,0,0,0,0,0,0,0,0,0,0,0,0,0,0,0,0,0,0,0,0,0,30,30,30,31,26,28,25,27,30,31,31,31,31,31,31,31,31,31,31,31,31,31,31,31,31,31,31,31,31,31,31,31,31,31,31
"21","Kananaskis","Cell 18 2011/12",3,0,0,1,0,0,0,0,0,0,1,0,0,0,0,0,0,0,0,0,0,0,1,0,0,0,0,0,0,0,0,0,0,0,0,0,0,0,0,0,0,0,184,641922.999998562,5619045.0001249,0,0.021313611339122,0,0.724971723865147,0.03676565770536,0,0.601851850748062,2227.66936560522,25.4428353611427,0,0,0,0.005377714461937,0,0,0,0,0,0,1000,62,3328463.17999987,1715,9982,8267,7276.95161290322,1857.30765450022,0,0,0,0,2,4,0,2,0,4,0,3,0,0,0,0,0,0,0,0,0,0,0,0,0,0,0,0,0,0,0,0,0,0,0,54,54,54,54,52,50,54,52,54,50,54,51,54,54,54,54,54,54,54,54,54,54,54,54,54,54,54,54,54,54,54,54,54,54,54
"22","Kananaskis","Cell 18 NE 2013",2,2,5,13,0,1,0,0,0,0,2,0,0,0,0,0,0,0,3,0,0,0,0,3,7,0,0,0,0,0,0,0,0,0,0,0,0,0,0,0,0,0,221,628181.99999869,5636263.00012499,0,0.249357171028992,0,0.539198668253848,0.075216599176905,0.075165674267909,0.0138888889923692,1600.81046433222,26.7464198036799,0,0,0,0.021775553023488,0.008965841753651,0,0.037246284022212,0,0.046212125775863,0,1000,58,3113723.61999979,3560,8463,4903,7281.43103448275,871.557763374824,2,1,3,3,18,2,5,0,0,0,0,3,0,0,1,0,0,0,0,0,0,4,0,0,0,0,0,0,0,0,0,0,0,0,0,58,59,57,57,42,58,55,60,60,60,60,57,60,60,59,60,60,60,60,60,60,56,60,60,60,60,60,60,60,60,60,60,60,60,60
"23","Kananaskis","Cell 18 SSE 2013",9,6,2,6,0,1,0,1,0,1,2,0,0,0,0,0,0,0,3,0,0,0,0,8,0,0,1,0,0,0,0,0,0,0,0,0,0,0,0,0,0,0,211,628241.999998691,5629823.00012496,0,0.117335814215335,0,0.648404158072938,0.086104955309089,0.052004269906682,0.179330066777766,1757.17505270337,25.0538659474206,0,0,0,0.018545520619061,0.011819463099051,0,0,0,0.011819463099051,0,1000,60,3221093.39999978,6662,8699,2037,7546.38333333333,466.496412693127,6,1,2,8,12,8,3,0,1,0,0,2,0,0,1,0,0,0,1,0,0,0,0,0,0,0,0,0,0,0,0,0,0,0,0,52,57,56,50,46,50,55,58,57,58,58,56,58,58,57,58,58,58,57,58,58,58,58,58,58,58,58,58,58,58,58,58,58,58,58
"24","Kananaskis","Cell 2 2011/12",0,1,0,6,5,3,0,0,0,2,0,0,0,0,0,0,0,0,0,0,0,0,2,0,0,0,0,0,0,0,0,0,0,0,0,0,0,0,0,0,0,0,184,634267.999998625,5647155.00012504,0,0.062830039350959,0.024457550771763,0.822798783760673,0,0,0.0277777779847383,1663.75553990618,40.235821929159,0,0,0,0,0,0,0,0,0,0,1000,60,3221093.39999988,3595,8174,4579,6815.31666666666,1075.56235665607,1,5,0,0,11,0,2,2,7,11,4,0,1,0,0,0,5,0,0,0,0,0,0,0,0,0,0,0,0,0,0,0,0,0,0,68,64,69,69,58,69,67,67,62,58,65,69,68,69,69,69,64,69,69,69,69,69,69,69,69,69,69,69,69,69,69,69,69,69,69
"25","Kananaskis","Cell 22 2013",2,0,21,9,0,10,0,0,0,3,0,0,0,0,0,0,0,0,0,0,0,0,10,0,0,0,0,0,0,0,0,0,0,0,0,0,0,0,0,0,0,0,201,665929.999998317,5635674.00012497,0,0.223901863244554,0.190092878396561,0.416234225048184,0,0.018439053208861,0,1470.0265029516,9.55879270113432,0,0.005192156909545,0.461703368796976,0.025036888663592,0.014220201064902,0.005496284154006,0,0,0.014220201064902,0.472391809860527,1000,59,3167408.50999988,6954,8063,1109,7574.11864406779,327.101191244268,0,17,0,0,10,4,22,6,7,1,0,0,0,0,0,0,0,0,0,0,0,0,0,0,0,0,0,0,0,0,0,0,0,0,0,60,43,60,60,50,56,38,54,53,59,60,60,60,60,60,60,60,60,60,60,60,60,60,60,60,60,60,60,60,60,60,60,60,60,60
"26","Kananaskis","Cell 3 NE 2013",0,13,8,7,0,2,0,0,0,6,0,0,0,0,0,0,0,0,0,1,0,0,3,0,0,0,1,0,0,1,0,0,0,0,0,0,0,0,0,0,0,0,214,637622.999998589,5655689.00012508,0.206610058330599,0.063952650731239,0.039164456647285,0.356481214507144,0.068713964777472,0.09224406289215,0,1376.71144166977,7.27281121148003,0,0,0.158334763454967,0.03223524842495,0.012611645196935,0,0.058763189159276,0,0.071374834356211,0.158334763454967,1000,58,3113723.61999979,382,8345,7963,7094.39655172413,1340.72918836722,12,4,2,0,15,0,9,3,10,0,0,2,0,0,4,2,1,0,0,0,0,0,0,0,0,0,0,0,0,0,0,0,0,0,0,47,55,57,59,44,59,50,56,49,59,59,57,59,59,55,57,58,59,59,59,59,59,59,59,59,59,59,59,59,59,59,59,59,59,59
"27","Kananaskis","Cell 34 N 2013",16,1,22,7,1,2,0,0,1,3,1,0,0,0,0,0,0,0,1,0,0,0,0,5,0,0,1,0,0,0,0,0,0,0,0,0,0,0,0,0,0,0,211,633165.999998648,5618384.0001249,0.002319419919542,0.101920375483783,0,0.712429138765202,0,0,0.0277777779847383,1649.30332007775,8.42397895226112,0,0,0,0.033627035127083,0.010451507069394,0,0.02515029732955,0,0.035601804398944,0,1000,58,3113723.61999979,6208,8038,1830,7384.53448275862,354.517944466668,1,3,3,4,12,19,30,0,5,2,0,2,0,1,1,0,0,0,0,0,0,0,0,0,0,0,0,0,0,0,0,0,0,0,0,60,58,58,57,49,42,31,61,56,59,61,59,61,60,60,61,61,61,61,61,61,61,61,61,61,61,61,61,61,61,61,61,61,61,61
"28","Kananaskis","Cell 41 N 2013",3,1,1,8,2,5,0,1,0,2,0,0,0,0,0,0,0,0,4,1,0,0,0,0,0,0,0,0,0,0,0,0,0,0,0,0,0,0,0,0,0,0,227,633935.999998645,5608447.00012486,0.009234028970077,0.030027599934276,0,0.847428618908058,0,0,0.0710784317925572,1771.88015996585,11.0670547005515,0,0,0,0.01846175824902,0.004643510114603,0,0.024771411870263,0,0.029414921984866,0,1000,57,3060038.72999979,6129,8692,2563,7553.50877192982,528.101369947662,1,5,4,0,14,3,2,0,3,5,0,6,0,0,0,0,1,0,1,0,0,0,0,0,0,0,0,0,0,0,0,0,0,0,0,60,56,57,61,47,58,59,61,58,56,61,55,61,61,61,61,60,61,60,61,61,61,61,61,61,61,61,61,61,61,61,61,61,61,61
"29","Kananaskis","Cell 41 NW 2013",3,1,0,8,8,6,0,0,0,1,0,0,0,0,0,0,0,0,0,0,0,0,0,1,0,0,0,0,0,0,0,0,0,0,0,0,0,0,0,0,0,0,211,632112.999998663,5607716.00012485,0.419249245051617,0,0,0.578072999223912,0,0,0.347712425142527,1785.44530666862,16.2172510426515,0,0,0,0.000870387080601,0.000319712209562,0,0,0,0.000319712209562,0,1000,60,3221093.39999978,-1538,8839,10377,5699.58333333333,2795.02382393941,1,7,0,1,14,3,0,0,3,16,0,4,1,0,0,0,0,0,0,0,0,0,1,0,0,0,0,0,0,0,0,0,0,0,0,59,53,60,59,46,57,60,60,57,44,60,56,59,60,60,60,60,60,60,60,60,60,59,60,60,60,60,60,60,60,60,60,60,60,60
"30","Kananaskis","Cell 44 2013",2,4,11,11,0,0,0,0,0,1,4,0,0,0,0,0,0,0,2,0,0,0,2,0,0,0,0,0,0,7,0,0,0,0,0,0,0,0,0,0,0,0,203,663130.999998355,5610669.00012485,0,0.146968774768718,0.024975474001464,0.633807903078338,0,0.117444042860442,0.0138888889923692,1608.16814011794,16.4035690992306,0,0,0,0.012263183056185,0.002493015200099,0,0,0,0.002493015200099,0,1000,56,3006353.83999979,6871,8369,1498,7810.17857142857,342.688900313333,4,4,2,0,9,4,15,2,4,0,0,6,0,0,0,6,0,0,0,0,0,0,0,0,0,0,0,0,0,0,0,0,0,0,0,56,56,58,60,51,56,45,58,56,60,60,54,60,60,60,54,60,60,60,60,60,60,60,60,60,60,60,60,60,60,60,60,60,60,60
"31","Kananaskis","Cell 59 2013",0,1,3,6,0,6,0,1,2,0,3,0,0,0,1,0,0,0,0,0,0,0,2,3,0,0,3,0,0,0,0,0,0,0,0,0,0,0,0,0,0,0,184,666408.999998345,5566972.00012463,0,0.077561675448278,0.042049016270025,0.767768083209542,0.016647376458379,0.024846082712218,0.0972222229465842,1867.38034087055,15.554087697118,0,0,0.411991859281467,0.00778112477858,0.026739323090044,0,0,0,0.026739323090044,0.411991859281467,1000,62,3328463.17999987,6615,7747,1132,7382.20967741935,253.460064748812,1,7,0,4,6,0,3,2,0,0,1,3,0,2,2,0,0,0,1,0,0,0,0,0,0,0,0,0,0,0,0,0,0,0,0,28,22,29,25,23,29,26,27,29,29,28,26,29,27,27,29,29,29,28,29,29,29,29,29,29,29,29,29,29,29,29,29,29,29,29
"32","Kananaskis","Cell 6 2011/12",1,1,1,4,0,1,0,0,0,3,0,0,0,0,0,0,0,0,0,1,0,0,1,0,0,0,0,0,0,0,0,0,0,0,0,0,0,0,0,0,0,0,184,632349.999998649,5638385.000125,0,0.034425049010822,0.014278617730273,0.940117718487983,0.007093598644492,0,0.0138888889923692,1597.9069843595,11.4005098857577,0,0,0.135858868394208,0,0.008604443499839,0,0,0,0.008604443499839,0.135858868394208,1000,59,3167408.50999988,5797,8274,2477,7699.23728813559,546.916296356,1,2,1,0,10,1,1,1,8,1,0,0,0,1,1,0,5,2,0,0,0,0,0,0,0,0,0,0,0,0,0,0,0,0,0,55,54,55,56,46,55,55,55,48,55,56,56,56,55,55,56,51,54,56,56,56,56,56,56,56,56,56,56,56,56,56,56,56,56,56
"33","Kananaskis","Cell 6 NE 2011/12",1,1,12,3,0,0,0,0,0,2,2,0,0,0,0,0,0,0,2,0,0,0,0,0,0,0,1,0,0,0,0,0,0,0,0,0,0,0,0,0,0,0,120,632303.999998647,5643453.00012503,0.00137262988673,0.050457983871253,0.077424240880275,0.820523133864282,0,0,0,1557.23923168243,19.7098624134978,0,0,0,0.011979251320207,0.003725371627639,0,0,0,0.003725371627639,0,1000,60,3221093.39999988,6165,8201,2036,7637.81666666666,498.339191437144,1,2,2,0,5,1,13,0,3,0,0,2,0,0,2,0,0,0,0,0,0,0,0,0,0,0,0,0,0,0,0,0,0,0,0,27,26,26,28,23,27,15,28,25,28,28,26,28,28,26,28,28,28,28,28,28,28,28,28,28,28,28,28,28,28,28,28,28,28,28
"34","Kananaskis","Cell 6 SW 2011/12",0,0,1,2,0,11,0,1,1,3,2,0,0,0,0,0,0,0,1,1,0,0,0,0,0,0,0,0,0,0,0,0,0,0,0,0,0,0,0,0,0,0,112,627967.999998692,5635995.00012499,0,0.19116218422457,0,0.650498051627177,0.054054598252825,0.047903411170259,0.0277777779847383,1624.03325477013,30.7918713887533,0,0,0,0.020313530467204,0.008797852211709,0,0.03407184762435,0,0.042869699836059,0,1000,59,3167408.50999988,4717,8463,3746,7375.74576271186,736.668280640873,0,6,1,0,4,0,1,0,3,0,0,2,0,1,0,0,1,0,1,0,0,0,0,0,0,0,0,0,0,0,0,0,0,0,0,27,21,26,27,23,27,26,27,24,27,27,25,27,26,27,27,26,27,26,27,27,27,27,27,27,27,27,27,27,27,27,27,27,27,27
"35","Kananaskis","Cell 60 2013",0,2,0,6,0,14,0,0,2,2,2,0,0,0,0,0,0,0,0,0,0,0,1,2,0,0,0,0,0,0,0,0,0,0,0,0,0,0,0,0,0,0,212,671853.999998293,5565034.00012462,0,0.098393944994424,0,0.846214635034297,0,0,0.166666670143604,1952.94697459387,27.3919128902375,0,0,0.194349553146873,0.023082257293321,0.007323430362311,0,0,0,0.007323430362311,0.194349553146873,1000,57,3060038.72999979,6512,7764,1252,7106.22807017543,295.654137526645,2,12,0,2,7,1,0,1,3,2,0,4,0,2,0,0,0,0,0,0,0,0,0,0,0,0,0,0,0,0,0,0,0,0,0,59,49,61,59,54,60,61,60,58,59,61,57,61,59,61,61,61,61,61,61,61,61,61,61,61,61,61,61,61,61,61,61,61,61,61
"36","Kananaskis","Cell 61 2013",0,13,6,5,0,4,0,0,0,1,0,0,0,0,0,0,0,0,3,0,0,0,4,1,0,0,0,0,0,2,0,0,0,0,0,0,0,0,0,0,0,0,184,684568.99999817,5565701.00012462,0,0.099466767469196,0.093503926320332,0.662943454593907,0.021804582805067,0.064264650244433,0.033333333581686,1703.75193219866,21.9854477170914,0,0,0,0.013439208948284,0.000351456348506,0,0,0,0.000351456348506,0,1000,59,3167408.50999988,7175,8352,1177,7855.64406779661,267.955331637459,11,4,3,1,6,0,6,4,1,0,0,1,0,0,0,3,0,0,0,0,0,0,0,0,0,0,0,0,0,0,0,0,0,0,0,22,29,30,32,27,33,27,29,32,33,33,32,33,33,33,30,33,33,33,33,33,33,33,33,33,33,33,33,33,33,33,33,33,33,33
"37","Kananaskis","Cell 9 SE 2013",1,8,7,10,2,2,0,0,0,2,6,0,0,0,0,0,0,0,4,0,0,0,10,8,0,0,3,0,0,0,0,0,0,0,0,0,0,0,0,0,0,0,317,618195.999998786,5642751.00012503,0.279312562750758,0.012709480473989,0,0.658663230301936,0,0,0.258169938623905,1768.39781971467,12.5414501581437,0,0,0,0.009055471073546,0.000966482051282,0,0,0,0.000966482051282,0,1000,58,3113723.62000005,-1842,8301,10143,6750.98275862068,2135.47658810004,6,6,4,5,18,3,9,9,6,8,0,12,0,0,3,0,0,0,0,0,0,0,0,0,0,0,0,0,0,0,0,0,0,0,0,93,93,95,94,81,96,90,90,93,91,99,87,99,99,96,99,99,99,99,99,99,99,99,99,99,99,99,99,99,99,99,99,99,99,99
"38","Kananaskis","Cell 9 SW 2013",0,7,9,4,5,7,0,0,0,8,3,0,0,0,0,0,0,0,7,0,0,0,4,3,0,0,1,0,0,0,0,0,0,0,0,0,0,0,0,0,0,0,303,616086.999998808,5641079.00012502,0.502046787417694,0.15346409881892,0,0.097155976200783,0,0,0.406535959243774,1786.29326644405,21.1496801068706,0,0,0,0.007721253357846,0.001620611524791,0,0,0,0.001620611524791,0,1000,61,3274778.29000005,-937,8918,9855,5659.59016393442,1950.75478773485,6,6,5,3,4,2,8,4,8,7,0,5,0,0,1,0,0,0,0,0,0,0,0,0,0,0,0,0,0,0,0,0,0,0,0,69,69,70,72,71,73,67,71,67,68,75,70,75,75,74,75,75,75,75,75,75,75,75,75,75,75,75,75,75,75,75,75,75,75,75
"39","Kananaskis","Cell R1",0,15,7,4,0,3,0,0,0,0,0,0,0,0,0,0,0,0,1,0,0,0,2,0,0,0,1,0,0,0,0,0,0,0,0,0,0,0,0,0,0,0,148,609566.999998865,5665678.00012514,0.074750721334719,0.013862222124371,0.00878936976095,0.865836590472424,0.000287719473279,0,0.0277777786056201,1449.62298004537,18.4210467278203,0,0,0,0,0.011797907852883,0,0,0.003306485144635,0.015104392997518,0,1000,61,3274778.28999987,6196,7905,1709,7151.49180327868,448.794838773645,9,3,1,0,5,0,4,2,0,0,0,0,0,0,1,0,0,0,0,0,0,0,0,0,0,0,0,0,0,0,0,0,0,0,0,13,19,21,22,17,22,18,20,22,22,22,22,22,22,21,22,22,22,22,22,22,22,22,22,22,22,22,22,22,22,22,22,22,22,22
"40","Kananaskis","Cell R10",0,20,7,13,0,2,0,0,0,1,0,0,0,0,10,0,0,0,2,0,0,0,11,4,0,0,1,0,0,0,0,0,0,0,0,0,0,0,0,0,0,0,365,645615.999998511,5653075.00012507,0,0.036134299224127,0,0.78778769939501,0,0.117391144664919,0.00925925932824612,1679.03016540722,23.618127743657,0.003864875268246,0,0,0.00989317441349,0,0,0,0,0,0.003864875268246,1000,59,3167408.50999988,6689,7971,1282,7532.50847457627,381.52034723184,11,4,2,4,15,0,5,10,2,0,11,1,0,0,1,0,1,0,0,0,0,0,0,0,0,0,0,0,0,0,0,0,0,0,0,71,78,80,78,67,82,77,72,80,82,71,81,82,82,81,82,81,82,82,82,82,82,82,82,82,82,82,82,82,82,82,82,82,82,82
"41","Kananaskis","Cell R100",3,1,11,11,0,7,0,1,0,3,0,0,0,0,2,0,0,0,2,0,0,0,5,11,0,0,3,0,0,4,0,2,1,0,0,0,0,0,0,0,0,0,550,671371.999998284,5593531.00012476,0,0.266730952137566,0.089502338761284,0.598507752050945,0.020636036925181,0.024622920122127,0,1657.24464706228,21.8295523727996,0.003231478516872,0,0,0,0.003417495866481,0,0,0,0.003417495866481,0.003231478516872,1000,60,3221093.39999978,7146,8214,1068,7859.81666666666,203.408496353749,1,9,2,11,13,6,13,6,8,0,3,0,0,0,5,5,3,3,1,0,0,0,0,1,2,0,0,0,0,0,0,0,0,0,0,148,140,147,138,136,143,136,143,141,149,146,149,149,149,144,144,146,146,148,149,149,149,149,148,147,149,149,149,149,149,149,149,149,149,149
"42","Kananaskis","Cell R101",3,3,23,4,0,3,0,0,0,0,0,0,0,0,0,0,0,0,4,0,0,0,1,2,0,0,0,0,0,0,0,0,0,0,0,0,0,0,0,0,0,0,132,674711.999998251,5594608.00012477,0,0.089015745425807,0.171228812362531,0.315347956472518,0.204967075059607,0.165518676397701,0,1534.4194905339,7.64149153346833,0,0,0,0.006454366150807,0.008248042338493,0,0,0,0.008248042338493,0,1000,59,3167408.50999978,7536,8404,868,8176.72881355932,166.01356188306,3,2,2,2,4,3,11,1,0,0,0,0,0,0,0,0,0,0,0,0,0,0,0,0,0,0,0,0,0,0,0,0,0,0,0,17,18,18,18,16,17,9,19,20,20,20,20,20,20,20,20,20,20,20,20,20,20,20,20,20,20,20,20,20,20,20,20,20,20,20
"43","Kananaskis","Cell R104",3,1,1,4,0,0,0,0,0,0,0,0,0,0,0,0,0,0,0,0,0,0,1,1,0,0,0,0,0,0,0,0,0,0,0,0,0,0,0,0,0,0,128,658104.999998416,5584900.00012473,0,0,0,0.904248148366588,0,0.095751851631313,0.0555555559694767,1782.80846855968,16.3123337620744,0,0,0,0,0.02565245120743,0,0,0,0.02565245120743,0,1000,60,3221093.39999988,7655,8218,563,7920.08333333333,131.189340479926,1,0,0,1,4,3,1,1,0,0,0,0,0,0,0,0,0,0,0,0,0,0,0,0,0,0,0,0,0,0,0,0,0,0,0,18,19,19,18,15,16,18,18,19,19,19,19,19,19,19,19,19,19,19,19,19,19,19,19,19,19,19,19,19,19,19,19,19,19,19
"44","Kananaskis","Cell R105",2,4,38,16,0,10,0,0,0,2,2,0,0,0,0,0,0,0,1,0,0,0,1,4,0,0,3,0,0,2,0,0,0,0,0,0,0,0,0,0,0,0,552,663092.999998368,5586614.00012473,0,0.384930394449028,0.040492101589797,0.501912591047834,0,0,0,1636.35958051078,16.7407439992398,0,0,0,0.013053179346358,0.007542577246828,0,0,0,0.007542577246828,0,1000,59,3167408.50999988,6224,8057,1833,7279.98305084745,500.471286076735,4,19,6,7,19,3,36,1,8,1,2,6,0,0,3,6,1,1,2,0,0,0,0,0,0,0,0,0,0,0,0,0,0,0,0,153,138,151,150,138,154,121,156,149,156,155,151,157,157,154,151,156,156,155,157,157,157,157,157,157,157,157,157,157,157,157,157,157,157,157
"45","Kananaskis","Cell R106",0,7,0,3,0,0,0,0,0,0,0,0,0,0,0,0,0,0,0,0,0,0,0,3,0,0,0,0,0,0,0,0,0,0,0,0,0,0,0,0,0,0,103,668333.999998318,5584964.00012472,0.05329794358389,0.156786715978836,0.053622494076396,0.503670622199824,0.069971349661843,0.090620077627152,0,1604.49309152231,19.0419483611378,0,0,0,0.012092629736799,0.008320966479928,0,0,0,0.008320966479928,0,1000,61,3274778.28999987,6494,8367,1873,7686.7213114754,450.020732897526,6,0,0,3,4,0,0,0,0,0,0,0,0,0,1,0,0,0,0,0,0,0,0,0,0,0,0,0,0,0,0,0,0,0,0,12,18,18,15,14,18,18,18,18,18,18,18,18,18,17,18,18,18,18,18,18,18,18,18,18,18,18,18,18,18,18,18,18,18,18
"46","Kananaskis","Cell R107",9,12,40,8,0,4,0,2,0,0,0,0,0,0,0,0,0,0,9,0,0,0,2,2,0,0,3,0,0,2,0,0,0,0,0,0,0,0,0,0,0,0,368,679054.999998214,5582938.00012471,0,0.149079196690795,0.123212924813435,0.285590458288056,0.350731442238262,0.039789163947172,0.0416666669771075,1562.16876413852,10.4125310197661,0,0,0,0.00405482062551,0.007952132441083,0.128546851131151,0,0,0.007952132441083,0.128546851131151,1000,60,3221093.39999988,7761,8752,991,8389.43333333333,227.079308221216,7,6,7,2,11,14,26,2,0,0,0,0,0,0,3,2,0,0,3,0,0,0,0,0,0,0,0,0,0,0,0,0,0,0,0,81,82,81,86,77,74,62,86,88,88,88,88,88,88,85,86,88,88,85,88,88,88,88,88,88,88,88,88,88,88,88,88,88,88,88
"47","Kananaskis","Cell R11",8,19,34,19,0,17,0,1,0,2,12,0,0,0,1,0,0,0,8,0,0,0,1,0,0,1,2,0,0,17,0,0,0,0,0,0,0,0,0,0,0,0,365,656027.999998408,5654950.00012507,0,0.008342442649907,0.224330180802278,0.466438883290175,0.089134064042101,0.130335584687306,0,1431.78370544629,9.62518305671863,0,0,0.310504076130347,0.012377266844365,0.014423794524501,0,0,0,0.014423794524501,0.310504076130347,1000,58,3113723.61999979,6054,8540,2486,8005.18965517241,507.193306578282,15,17,6,0,18,9,31,1,3,0,5,14,0,0,5,19,0,0,1,0,1,0,0,0,0,0,0,0,0,0,0,0,0,0,0,67,65,76,82,64,73,51,81,79,82,77,68,82,82,77,63,82,82,81,82,81,82,82,82,82,82,82,82,82,82,82,82,82,82,82
"48","Kananaskis","Cell R111",0,3,13,4,0,1,0,0,1,0,1,0,0,0,0,0,0,0,0,0,0,0,0,0,0,0,0,0,0,0,0,0,0,0,0,0,0,0,0,0,0,0,121,661768.999998384,5578588.00012469,0,0.043520624608074,0,0.812568475570989,0,0.143910899818707,0.0740740746259689,1849.77936779204,16.4069184318421,0,0,0.214810219158414,0,0.018609077677353,0,0,0,0.018609077677353,0.214810219158414,1000,60,3221093.39999988,7326,8457,1131,7899.11666666666,214.862909135623,3,1,0,0,4,0,6,0,0,0,0,1,0,1,0,0,0,0,0,0,0,0,0,0,0,0,0,0,0,0,0,0,0,0,0,15,17,18,18,14,18,12,18,18,18,18,17,18,17,18,18,18,18,18,18,18,18,18,18,18,18,18,18,18,18,18,18,18,18,18
"49","Kananaskis","Cell R112",0,1,16,4,0,3,0,2,1,0,1,0,0,0,0,0,0,0,0,0,0,0,1,4,0,0,0,0,0,0,0,0,0,0,0,0,0,0,0,0,0,0,155,669166.999998312,5577396.00012468,0,0,0.007213023841411,0.861838714878524,0,0,0.0370370373129845,1718.57621605283,17.5447723873078,0,0,0,0.018921710918983,0.0072990424144,0,0,0,0.0072990424144,0,1000,58,3113723.61999979,6780,8378,1598,7402.68965517241,264.470857979797,1,3,0,4,5,0,11,1,0,0,0,1,0,1,0,0,0,0,2,0,0,0,0,0,0,0,0,0,0,0,0,0,0,0,0,24,22,25,21,20,25,14,24,25,25,25,24,25,24,25,25,25,25,23,25,25,25,25,25,25,25,25,25,25,25,25,25,25,25,25
"50","Kananaskis","Cell R113",1,2,17,13,0,2,0,0,0,2,1,0,0,0,0,0,0,0,13,2,0,0,1,10,0,0,0,0,0,0,0,0,0,0,0,0,0,0,0,0,0,0,552,672712.99999828,5574180.00012467,0,0.206431826323186,0.096378598872544,0.538003468698129,0,0.02296799700383,0.0277777779847383,1683.69549069911,13.056274610317,0,0,0.075966533959556,0.010292869585423,0.004715441461798,0,0,0,0.004715441461798,0.075966533959556,1000,60,3221093.39999978,6083,7890,1807,7310.25,396.452503460376,2,8,12,7,14,2,14,1,6,3,0,5,0,0,1,0,4,5,6,0,0,0,0,0,0,0,0,0,0,0,0,0,0,0,0,150,144,140,145,138,150,138,151,146,149,152,147,152,152,151,152,148,147,146,152,152,152,152,152,152,152,152,152,152,152,152,152,152,152,152
"51","Kananaskis","Cell R114",3,26,68,7,0,25,0,1,0,0,1,0,0,0,0,0,0,0,12,0,0,0,13,7,0,0,0,0,0,0,0,0,0,0,0,0,0,0,0,0,0,0,308,681584.999998191,5579231.00012468,0,0.058351709386437,0.222754422222041,0.427518137322652,0.260301395773788,0.031074335293995,0,1534.64096912202,13.7240806942894,0,0,0,0,0.00523810741562,0,0,0,0.00523810741562,0,1000,58,3113723.61999979,7634,8699,1065,8067.15517241379,274.028176359215,17,22,8,6,12,3,25,9,0,0,0,2,0,0,0,0,0,0,2,0,0,0,0,0,0,0,0,0,0,0,0,0,0,0,0,60,55,69,71,65,74,52,68,77,77,77,75,77,77,77,77,77,77,75,77,77,77,77,77,77,77,77,77,77,77,77,77,77,77,77
"52","Kananaskis","Cell R117",1,1,4,6,0,5,0,0,0,0,0,0,0,0,0,0,0,0,1,0,0,0,3,4,0,0,0,0,0,0,0,0,0,0,0,0,0,0,0,0,0,0,128,663555.99999837,5569510.00012465,0,0.033425599304335,0.055539070528582,0.717695205775821,0,0,0.066666667163372,1874.29270191682,14.8086353204189,0,0,0.244634934406598,0,0.00984872834435,0,0,0,0.00984872834435,0.244634934406598,1000,62,3328463.17999987,6987,8688,1701,7668.4193548387,435.673507097558,1,1,1,4,5,1,4,3,0,0,0,0,0,0,0,0,0,0,0,0,0,0,0,0,0,0,0,0,0,0,0,0,0,0,0,18,18,18,15,14,18,15,16,19,19,19,19,19,19,19,19,19,19,19,19,19,19,19,19,19,19,19,19,19,19,19,19,19,19,19
"53","Kananaskis","Cell R118",6,7,8,11,0,11,0,2,1,0,0,0,0,0,0,0,0,0,1,1,0,0,5,8,0,0,3,0,0,0,0,0,0,0,0,0,0,0,0,0,0,0,551,666329.999998344,5570397.00012465,0,0.035893223249117,0.052186216712677,0.786521030290335,0,0,0,1775.740822034,14.8230892083584,0,0,0.174882194957302,0.01158578642715,0.011955880623388,0,0,0,0.011955880623388,0.174882194957302,1000,57,3060038.72999979,6800,7857,1057,7394.71929824561,210.188700047307,7,22,2,13,12,9,9,5,3,6,0,3,4,4,4,0,1,0,5,0,0,0,0,0,0,0,0,0,0,0,0,0,0,0,0,153,138,158,147,148,151,151,155,157,154,160,157,156,156,156,160,159,160,155,160,160,160,160,160,160,160,160,160,160,160,160,160,160,160,160
"54","Kananaskis","Cell R119",2,1,2,4,0,0,0,0,0,0,0,0,0,0,0,0,0,0,3,0,0,0,9,5,0,0,0,0,0,0,0,0,0,0,0,0,0,0,0,0,0,0,149,673024.999998278,5571938.00012465,0,0.238539659644877,0,0.667994170282106,0,0,0.0972222229465842,1835.47482713269,22.1448537026682,0,0,0.196574040043611,0.012232216382658,0.001077522490047,0,0,0,0.001077522490047,0.196574040043611,1000,59,3167408.50999988,6170,7386,1216,6798.22033898305,305.726590372668,1,0,3,5,5,2,2,9,0,0,0,0,0,0,0,0,0,0,0,0,0,0,0,0,0,0,0,0,0,0,0,0,0,0,0,23,24,21,19,19,22,22,15,24,24,24,24,24,24,24,24,24,24,24,24,24,24,24,24,24,24,24,24,24,24,24,24,24,24,24
"55","Kananaskis","Cell R120",5,7,6,9,0,4,0,1,0,0,0,0,0,0,0,0,0,0,7,0,0,0,30,0,0,0,1,0,0,0,0,0,0,0,0,0,0,0,0,0,0,0,125,683160.999998182,5568185.00012463,0.010843464116559,0.042417288355976,0.001943979537497,0.836619889883228,0.06467935729183,0.04349602081411,0.0277777779847383,1731.78056432024,18.4341592909415,0,0,0,0,0.001153286029138,0,0,0,0.001153286029138,0,1000,61,3274778.28999987,6174,8226,2052,7908.52459016393,307.785885047816,5,4,4,0,7,4,5,11,0,0,0,0,0,0,1,0,0,0,1,0,0,0,0,0,0,0,0,0,0,0,0,0,0,0,0,14,15,15,19,12,15,14,8,19,19,19,19,19,19,18,19,19,19,18,19,19,19,19,19,19,19,19,19,19,19,19,19,19,19,19
"56","Kananaskis","Cell R121",6,2,10,5,0,14,0,0,0,0,0,0,0,0,1,0,0,0,0,0,0,0,1,1,0,0,0,0,0,0,0,0,0,0,0,0,0,0,0,0,0,0,140,688708.999998126,5568534.00012463,0,0.070809177719929,0.196934497831159,0.188330121165199,0.351863147671342,0.026511626324251,0,1484.08178324639,9.06443100941332,0.003312313603796,0,0.011105772706789,0.024791251888027,0.005653364553833,0.006657929743554,0,0,0.005653364553833,0.021076016054139,1000,58,3113723.61999988,6706,8389,1683,7768.74137931034,379.828480362708,1,14,0,1,5,3,8,1,0,0,1,0,0,0,0,0,0,0,0,0,0,0,0,0,0,0,0,0,0,0,0,0,0,0,0,23,10,24,23,19,21,16,23,24,24,23,24,24,24,24,24,24,24,24,24,24,24,24,24,24,24,24,24,24,24,24,24,24,24,24
"57","Kananaskis","Cell R123",0,2,0,4,0,5,0,1,2,0,3,0,0,0,0,0,0,0,1,0,0,0,0,3,0,0,0,0,0,0,0,0,0,0,0,0,0,0,0,0,0,0,126,665800.99999835,5565316.00012462,0,0.1148094242164,0.000745553853748,0.773212399423561,6.263184827e-05,0.04359805657496,0.16666667163372,1875.83967633929,10.7433120969742,0,0,0.327636028140019,0.006928659925155,0.016366536990918,0,0,0,0.016366536990918,0.327636028140019,1000,58,3113723.61999988,7312,7915,603,7535.8448275862,149.440081606272,2,5,1,3,4,0,0,0,0,0,0,3,0,2,0,0,0,0,1,0,0,0,0,0,0,0,0,0,0,0,0,0,0,0,0,17,14,18,16,15,19,19,19,19,19,19,16,19,17,19,19,19,19,18,19,19,19,19,19,19,19,19,19,19,19,19,19,19,19,19
"58","Kananaskis","Cell R124",0,0,0,4,0,0,0,0,0,0,1,0,0,0,0,0,0,0,0,0,0,0,0,1,0,0,0,0,0,0,0,0,0,0,0,0,0,0,0,0,0,0,157,671996.999998292,5564145.00012461,0,0.090502136582897,0.033111368762278,0.819485462696815,0,0,0.138888890855014,1939.43924497947,24.4701967972976,0,0,0.223603926534534,0.018842779785426,0.010416752686119,0,0,0,0.010416752686119,0.223603926534534,1000,58,3113723.61999979,6512,8041,1529,7300.75862068965,349.3343576864,0,0,0,1,5,0,0,0,0,0,0,1,0,0,0,0,0,0,0,0,0,0,0,0,0,0,0,0,0,0,0,0,0,0,0,26,26,26,25,21,26,26,26,26,26,26,25,26,26,26,26,26,26,26,26,26,26,26,26,26,26,26,26,26,26,26,26,26,26,26
"59","Kananaskis","Cell R125",0,0,0,3,0,0,0,0,3,2,3,0,0,0,0,0,0,0,0,0,0,0,0,2,0,0,0,0,0,0,0,0,0,0,0,0,0,0,0,0,0,0,107,674493.999998268,5563012.00012461,0,0.005039979156528,0.015906986389774,0.876837047602697,0,0,0.0833333348855376,2031.09954892113,14.8415108816964,0,0,0,0.014889900190458,0.002908597930953,0,0,0,0.002908597930953,0,1000,57,3060038.72999979,4010,7987,3977,7342.70175438596,528.08156483609,0,0,0,2,4,0,0,0,2,0,0,4,0,3,0,0,0,0,0,0,0,0,0,0,0,0,0,0,0,0,0,0,0,0,0,19,19,19,17,15,19,19,19,17,19,19,15,19,16,19,19,19,19,19,19,19,19,19,19,19,19,19,19,19,19,19,19,19,19,19
"60","Kananaskis","Cell R126",4,12,0,4,0,3,0,0,0,0,2,0,0,0,1,0,0,0,0,0,0,0,3,0,0,0,0,0,0,0,0,0,0,0,0,0,0,0,0,0,0,0,184,683468.99999818,5565700.00012462,0,0.247678756945346,0.065427345444168,0.537829558270122,0.046628516483282,0.014362261936919,0.0555555559694767,1787.14558492994,24.9713244241381,0,0,0,0.017396486426471,0.00202531423394,0,0,0,0.00202531423394,0,1000,59,3167408.50999978,6334,8395,2061,7791.25423728813,419.440571464569,9,4,1,0,5,5,0,3,0,1,3,3,0,0,0,0,0,0,0,0,0,0,0,0,0,0,0,0,0,0,0,0,0,0,0,41,46,49,50,45,45,50,47,50,49,47,47,50,50,50,50,50,50,50,50,50,50,50,50,50,50,50,50,50,50,50,50,50,50,50
"61","Kananaskis","Cell R15",10,21,6,12,1,19,0,0,1,8,3,0,0,0,0,1,0,0,0,7,0,0,8,2,1,0,1,0,0,3,0,0,0,0,0,0,0,0,0,0,0,0,368,613339.999998831,5650694.00012507,0.06271798956455,0.026454756224334,0,0.791453944427781,0,0,0.14106754027307,1768.64333951926,16.3114377275298,0,0,0,0.01596373291296,0.004308277522154,0,0,0,0.004308277522154,0,1000,56,3006353.84000005,2812,7549,4737,6873.16071428571,912.049258083638,14,22,0,2,17,10,3,5,11,4,1,6,1,1,1,1,7,0,0,0,0,1,0,0,0,0,0,0,0,0,0,0,0,0,0,73,65,87,85,70,77,84,82,76,83,86,81,86,86,86,86,80,87,87,87,87,86,87,87,87,87,87,87,87,87,87,87,87,87,87
"62","Kananaskis","Cell R16",2,3,10,7,1,5,0,1,0,3,0,0,0,0,0,0,0,0,1,1,0,0,13,0,0,0,0,0,0,1,0,0,0,0,0,0,0,0,0,0,0,0,364,617384.999998793,5645805.00012504,0.4635304054286,0.025670763358505,0,0.435265026187254,0,0,0.422385632991791,1771.95590648712,12.5264032138422,0,0,0,0.01060188166796,0.001087623553104,0,0,0,0.001087623553104,0,1000,59,3167408.51000005,-736,9468,10204,4673.38983050847,3118.51117789823,3,5,1,0,8,1,6,8,3,1,0,0,0,0,0,1,1,0,1,0,0,0,0,0,0,0,0,0,0,0,0,0,0,0,0,77,75,79,80,72,79,74,72,77,79,80,80,80,80,80,79,79,80,79,80,80,80,80,80,80,80,80,80,80,80,80,80,80,80,80
"63","Kananaskis","Cell R17",0,7,0,4,0,0,0,0,0,0,0,0,0,0,0,0,0,0,1,0,0,0,3,1,0,0,0,0,0,0,0,0,0,0,0,0,0,0,0,0,0,0,103,627533.999998694,5646538.00012504,0,0.066954369447085,0.026609330360279,0.838505107942985,0,0,0.450980403460562,1975.08753252633,24.5588381803488,0,0,0,0.00503208238983,0.007554783696344,0.000467830948757,0,0,0.007554783696344,0.000467830948757,1000,60,3221093.39999978,5229,8400,3171,7239.38333333333,766.118400154673,4,0,1,1,4,0,0,3,0,0,0,0,0,0,0,0,0,0,0,0,0,0,0,0,0,0,0,0,0,0,0,0,0,0,0,12,16,15,15,12,16,16,13,16,16,16,16,16,16,16,16,16,16,16,16,16,16,16,16,16,16,16,16,16,16,16,16,16,16,16
"64","Kananaskis","Cell R18",1,12,23,21,5,5,0,1,0,3,0,0,0,0,0,0,0,0,0,0,0,0,3,0,0,0,0,0,0,0,0,0,0,0,0,0,0,0,0,0,0,0,368,633494.999998633,5648072.00012505,0.054527642374756,0.024560744865858,0.021209330012857,0.702569294957401,0.039316007770268,0,0,1494.105272342,19.620393263988,0,0,0,0.038604004042023,0.008766909921156,0,0.002895170097805,0,0.011662080018961,0,1000,60,3221093.39999978,5665,8220,2555,7382.1,687.341974565786,11,9,0,0,22,2,23,3,4,5,0,0,0,0,0,0,0,0,1,0,0,0,0,0,0,0,0,0,0,0,0,0,0,0,0,75,77,86,86,64,84,63,83,82,81,86,86,86,86,86,86,86,86,85,86,86,86,86,86,86,86,86,86,86,86,86,86,86,86,86
"65","Kananaskis","Cell R19",2,0,2,4,2,0,0,0,0,2,0,0,0,0,0,0,0,0,0,0,0,0,2,2,0,0,0,0,0,0,0,0,0,0,0,0,0,0,0,0,0,0,117,643515.999998535,5648047.00012504,0,0,0,0.948824457903785,0,0,0.0555555559694767,1760.82427881015,17.50620311213,0,0,0,0.009636264345054,0,0,0,0,0,0,1000,61,3274778.28999978,6856,7997,1141,7587.44262295081,246.892192878978,0,0,0,2,4,2,1,2,2,2,0,0,0,0,0,0,0,0,0,0,0,0,0,0,0,0,0,0,0,0,0,0,0,0,0,17,17,17,15,13,15,16,15,15,15,17,17,17,17,17,17,17,17,17,17,17,17,17,17,17,17,17,17,17,17,17,17,17,17,17
"66","Kananaskis","Cell R20",0,12,1,4,0,0,0,0,0,0,0,0,0,0,0,0,0,0,2,0,0,0,6,4,0,0,0,0,0,0,0,0,0,0,0,0,0,0,0,0,0,0,119,650470.999998464,5650832.00012505,0,0.040989703234565,0.077247973784354,0.764148303656944,0,0,0.0111111111938953,1646.43605259487,21.0607374403212,0,0,0.096244582807182,0.016538549486249,0.005137364484156,0,0,0,0.005137364484156,0.096244582807182,1000,58,3113723.61999979,4285,7790,3505,6936.82758620689,758.811642111875,8,0,2,4,4,0,1,2,0,0,0,0,0,0,0,0,0,0,0,0,0,0,0,0,0,0,0,0,0,0,0,0,0,0,0,9,17,15,13,13,17,16,15,17,17,17,17,17,17,17,17,17,17,17,17,17,17,17,17,17,17,17,17,17,17,17,17,17,17,17
"67","Kananaskis","Cell R21",4,4,3,4,0,0,0,0,0,0,0,0,0,0,0,0,0,0,0,0,0,0,4,0,0,0,0,0,0,0,0,0,0,0,0,0,0,0,0,0,0,0,165,658339.999998387,5645100.00012502,0,0,0.098234448396848,0.706622395209038,0.078493751367562,0.031958081048107,0.0444444447755814,1571.82818389015,15.8802960185578,0,0,0.485853241909886,0.015881535870995,0.020648915273606,0,0,0,0.020648915273606,0.485853241909886,1000,58,3113723.61999979,6858,8521,1663,7971.20689655172,400.986402668286,4,0,0,0,5,4,3,4,0,0,0,0,0,0,0,0,0,0,0,0,0,0,0,0,0,0,0,0,0,0,0,0,0,0,0,22,26,26,26,21,22,23,22,26,26,26,26,26,26,26,26,26,26,26,26,26,26,26,26,26,26,26,26,26,26,26,26,26,26,26
"68","Kananaskis","Cell R22",16,1,29,12,3,12,0,1,0,0,3,0,0,0,0,0,0,0,0,1,0,0,3,1,0,0,4,0,0,0,0,0,0,0,0,0,0,0,0,0,0,0,368,660851.999998363,5646327.00012503,0,0,0.077379469138974,0.42012578110641,0.063795604353277,0.362821985190452,0,1474.75520768333,12.7580163730219,0.005893406744288,0,0.426161401236386,0.016903350032362,0.023167475948145,0,0,0,0.023167475948145,0.432054807980674,1000,58,3113723.61999979,7749,8610,861,8105.24137931034,171.362421980603,1,15,0,1,14,20,25,3,0,3,1,6,0,0,3,0,2,0,1,0,0,0,0,0,0,0,0,0,0,0,0,0,0,0,0,84,70,85,84,71,65,60,82,85,82,84,79,85,85,82,85,83,85,84,85,85,85,85,85,85,85,85,85,85,85,85,85,85,85,85
"69","Kananaskis","Cell R24",2,7,11,7,1,12,0,0,0,0,2,0,0,0,0,0,0,0,8,0,0,0,1,6,0,0,0,0,0,0,0,0,0,0,0,0,0,0,0,0,0,0,347,614570.999998825,5639045.00012501,0.543741276380425,0.004600560546972,0.023215506301727,0.390741982386186,0,0,0.460784314200282,1714.48814942966,7.6677373819077,0,0,0,0.005488482965382,0.005756214674224,0,0,0,0.005756214674224,0,1000,59,3167408.50999988,-1333,7929,9262,5252.30508474576,2550.68552602746,6,10,6,5,7,3,8,1,0,2,0,3,0,0,0,0,0,0,0,0,0,0,0,0,0,0,0,0,0,0,0,0,0,0,0,71,67,71,72,70,74,69,76,77,75,77,74,77,77,77,77,77,77,77,77,77,77,77,77,77,77,77,77,77,77,77,77,77,77,77
"70","Kananaskis","Cell R25",16,1,2,5,1,1,0,0,1,1,0,0,0,0,0,4,0,0,0,0,0,0,7,9,0,0,0,0,0,0,0,0,0,0,0,0,0,0,0,0,0,0,482,622591.999998744,5638444.000125,0,0.237821086561892,0.059540199761844,0.213283386576888,0,0,0.867647066712379,2285.60378637069,35.0064989725749,0,0,0,0,0,0,0,0,0,0,1000,62,3328463.17999987,925,8692,7767,5514.46774193548,2423.23011380332,1,1,0,8,6,10,2,7,2,1,0,1,3,1,0,0,0,0,0,0,0,0,0,0,0,0,0,0,0,0,0,0,0,0,0,123,123,124,116,118,114,122,117,122,123,124,123,121,123,124,124,124,124,124,124,124,124,124,124,124,124,124,124,124,124,124,124,124,124,124
"71","Kananaskis","Cell R26",13,19,11,16,1,11,0,0,1,4,9,0,0,0,0,0,0,0,0,0,0,0,1,3,2,0,0,0,0,0,0,2,0,0,0,0,0,0,0,0,0,0,445,627191.999998698,5643242.00012503,0,0.238340472202103,0,0.632302595835117,0,0.086636019467576,0.038126361866792,1743.56570029645,35.5975402041932,0,0,0,0,0,0,0,0,0,0,1000,60,3221093.39999988,6237,8345,2108,7696.93333333333,407.386584080631,14,15,0,3,18,8,13,2,6,2,1,11,1,1,0,0,0,0,0,0,0,5,0,0,1,0,0,0,0,0,0,0,0,0,0,104,103,118,115,100,110,105,116,112,116,117,107,117,117,118,118,118,118,118,118,118,113,118,118,117,118,118,118,118,118,118,118,118,118,118
"72","Kananaskis","Cell R27",2,16,14,12,0,7,0,0,0,1,2,0,0,0,0,0,0,0,2,0,0,0,6,5,0,0,1,0,0,0,0,0,0,0,0,0,0,0,0,0,0,0,368,631592.999998654,5639576.00012501,0,0.05263179638995,0.027277642164334,0.78286417492465,0.007093598644493,0,0,1518.96373334192,5.17263460312626,0,0,0.222467599458541,0.011285910910139,0.014522917367111,0,0,0,0.014522917367111,0.222467599458541,1000,59,3167408.50999978,6346,8201,1855,7794.23728813559,431.242758287831,11,14,3,4,20,3,17,4,4,0,0,4,0,1,3,0,0,0,0,0,0,0,0,0,0,0,0,0,0,0,0,0,0,0,0,76,73,84,83,67,84,70,83,83,87,87,83,87,86,84,87,87,87,87,87,87,87,87,87,87,87,87,87,87,87,87,87,87,87,87
"73","Kananaskis","Cell R28",0,4,2,2,0,0,0,0,0,1,1,0,0,0,2,0,0,0,0,1,0,0,2,0,0,0,1,0,0,0,0,0,0,0,0,0,0,0,0,0,0,0,84,644910.999998522,5641589.00012501,0,0.03682544194432,0.155726989466359,0.743162425236919,0.031931847450087,0,0.125000002793968,1833.82384429637,19.5797867360989,0,0,0.072288502028788,0,0.003399675919147,0,0,0,0.003399675919147,0.072288502028788,1000,58,3113723.61999988,3975,8348,4373,6509.98275862068,1291.4241602865,3,0,0,0,2,0,2,2,1,0,1,1,0,0,1,0,1,0,0,0,0,0,0,0,0,0,0,0,0,0,0,0,0,0,0,9,12,12,12,10,12,10,10,11,12,11,11,12,12,11,12,11,12,12,12,12,12,12,12,12,12,12,12,12,12,12,12,12,12,12
"74","Kananaskis","Cell R29",11,2,29,9,0,2,0,1,0,2,2,0,0,0,1,0,0,0,1,1,0,0,4,2,0,0,0,0,0,0,0,0,0,0,0,0,0,0,0,0,0,0,365,648281.99999849,5638274.00012498,0,0.164492578891073,0,0.77941317039185,0,5.8458453808e-05,0.0138888889923692,1747.24114699591,18.3107544429718,0,0,0,0.01014482422281,0,0,0,0,0,0,1000,58,3113723.61999979,6930,8183,1253,7499.72413793103,272.868339674413,2,2,1,2,10,12,20,6,4,0,2,2,0,0,0,0,1,0,1,0,0,0,0,0,0,0,0,0,0,0,0,0,0,0,0,79,79,80,79,71,69,61,75,77,81,79,79,81,81,81,81,80,81,80,81,81,81,81,81,81,81,81,81,81,81,81,81,81,81,81
"75","Kananaskis","Cell R30",1,12,1,5,1,12,0,0,0,1,0,0,0,0,1,0,0,0,0,0,0,0,3,1,0,0,0,0,0,0,0,0,0,0,0,0,0,0,0,0,0,0,129,657697.999998396,5639360.000125,0,0.00808869270584,0.002383132583022,0.358524033741486,0,0.488987412065843,0,1605.05480532103,22.9721776744987,0.003311519308238,0,0,0.02014300338205,0.0063508578958,0,0,0,0.0063508578958,0.003311519308238,1000,59,3167408.50999988,6377,8294,1917,7646.71186440677,438.196382367832,8,9,0,2,6,1,1,2,2,1,1,0,0,0,0,0,0,0,0,0,0,0,0,0,0,0,0,0,0,0,0,0,0,0,0,12,11,20,18,14,19,19,18,18,19,19,20,20,20,20,20,20,20,20,20,20,20,20,20,20,20,20,20,20,20,20,20,20,20,20
"76","Kananaskis","Cell R31",6,1,13,3,0,4,0,0,0,1,1,0,0,0,0,0,0,0,0,0,0,0,3,2,0,0,2,0,0,2,0,0,0,0,0,0,0,0,0,0,0,0,129,661516.999998358,5641860.00012501,0.004191178409584,0.012610707214576,0.134869303161002,0.493499714579633,0.140860210060021,0.124252533062419,0.0111111111938953,1448.30327234513,10.7337008745242,0.004432150993075,0,0.077498035608144,0.021602450926054,0.010577294621499,0.000131522896022,0,0,0.010577294621499,0.082061709497241,1000,56,3006353.83999979,5511,8486,2975,7966.33928571428,553.234846696676,1,3,0,2,4,5,5,2,1,0,0,1,0,0,2,2,0,0,0,0,0,0,0,0,0,0,0,0,0,0,0,0,0,0,0,19,17,20,18,16,15,15,18,19,20,20,19,20,20,18,18,20,20,20,20,20,20,20,20,20,20,20,20,20,20,20,20,20,20,20
"77","Kananaskis","Cell R35",11,5,2,14,9,1,0,0,0,3,11,0,0,0,0,1,0,0,3,0,0,0,0,2,0,0,0,0,0,0,0,0,0,0,0,0,0,0,0,0,0,0,552,613224.999998837,5634952.00012499,0.00060523317214,0.044984783488814,0,0.863090235576839,0,0,0.356209156413873,1772.0557161562,8.12843240142628,0,0,0.393348504505876,0.006206313268413,0.013454240434276,0,0,0,0.013454240434276,0.393348504505876,1000,58,3113723.62000005,6911,8409,1498,7953.10344827586,350.906249865975,5,1,3,2,25,8,2,0,5,26,0,18,4,0,0,0,1,0,0,0,0,0,0,0,0,0,0,0,0,0,0,0,0,0,0,148,152,150,151,128,145,151,153,148,127,153,135,149,153,153,153,152,153,153,153,153,153,153,153,153,153,153,153,153,153,153,153,153,153,153
"78","Kananaskis","Cell R36",27,4,0,13,0,2,0,0,1,0,1,0,0,0,0,0,0,0,3,1,0,0,0,14,0,0,0,0,0,0,0,0,0,0,0,0,0,0,0,0,0,0,486,616487.999998807,5632447.00012498,0,0.223333140560278,0.106546654928836,0.545599609102018,0.028875800695156,0.021988566598855,0.75,1896.33095773777,15.8823935947234,0,0,0.232529901361897,0.011172578463824,0.006955328164048,0,0,0,0.006955328164048,0.232529901361897,1000,59,3167408.51000005,6555,8704,2149,8164.11864406779,348.629427112819,4,2,3,11,30,24,0,0,2,1,0,5,0,1,0,0,1,0,0,0,0,0,0,0,0,0,0,0,0,0,0,0,0,0,0,121,123,122,114,95,101,125,125,123,124,125,120,125,124,125,125,124,125,125,125,125,125,125,125,125,125,125,125,125,125,125,125,125,125,125
"79","Kananaskis","Cell R37",5,23,62,17,0,20,0,4,0,1,0,0,0,0,0,0,0,0,13,0,0,0,2,23,0,0,2,0,0,0,0,0,0,0,0,0,0,0,0,0,0,0,484,629330.999998681,5632087.00012497,0,0.118867811406384,0.001036790839799,0.711030110222626,0,0,0.0571895428001881,1684.76097741505,31.1436896914528,0,0,0,0.01245982214459,0.005692331876356,0,0.024498261921334,0,0.03019059379769,0,1000,60,3221093.39999988,3623,7721,4098,6636.46666666666,905.8557734111,13,23,12,19,27,6,43,2,2,0,1,0,0,0,2,0,0,0,4,0,0,0,0,0,0,0,0,0,0,0,0,0,0,0,0,111,101,112,105,97,118,81,122,122,124,123,124,124,124,122,124,124,124,120,124,124,124,124,124,124,124,124,124,124,124,124,124,124,124,124
"80","Kananaskis","Cell R38",1,1,0,3,0,3,0,1,0,1,4,0,0,0,0,0,0,0,1,0,0,0,0,4,0,0,0,0,0,0,0,0,0,0,0,0,0,0,0,0,0,0,130,634325.999998631,5632500.00012497,0,0.049280105790497,0.074344872789959,0.871329027125668,0.005045994292411,0,0.188888891786337,2048.06668110509,24.4834158620527,0,0,0,0,0.003237797525175,0,0,0,0.003237797525175,0,1000,57,3060038.72999979,7209,8085,876,7636.36842105263,234.346768967648,1,3,1,4,3,1,0,0,1,0,0,4,0,0,0,0,0,0,1,0,0,0,0,0,0,0,0,0,0,0,0,0,0,0,0,19,17,19,16,17,19,20,20,19,20,20,16,20,20,20,20,20,20,19,20,20,20,20,20,20,20,20,20,20,20,20,20,20,20,20
"81","Kananaskis","Cell R39",3,0,1,2,0,1,0,0,0,1,2,0,0,0,0,0,0,0,0,0,0,0,0,1,0,0,0,0,0,0,0,0,0,0,0,0,0,0,0,0,0,0,156,649668.999998477,5632767.00012497,0,0.074334412878445,0,0.870219436472865,0,0,0.0555555559694767,1783.50999940116,17.3663762410482,0,0,0.067273340471644,0.008852273200728,0.002182849450845,0,0,0,0.002182849450845,0.067273340471644,1000,60,3221093.39999978,4433,8525,4092,7483.94999999999,904.244056749429,0,1,0,1,2,2,1,0,1,0,0,2,0,0,0,0,0,0,0,0,0,0,0,0,0,0,0,0,0,0,0,0,0,0,0,23,22,23,22,21,21,22,23,22,23,23,21,23,23,23,23,23,23,23,23,23,23,23,23,23,23,23,23,23,23,23,23,23,23,23
"82","Kananaskis","Cell R40",5,2,28,19,0,74,0,0,1,0,0,0,0,0,0,0,0,0,1,0,0,0,2,5,1,0,1,0,0,0,0,0,0,0,0,0,0,0,0,0,0,0,552,653155.999998446,5630883.00012496,0.145899032141963,0.199055430491759,0.047903237916493,0.35270605967921,0.023533888888996,0.082141149012856,0.0222222223877907,1670.04202000099,23.2237912431548,0,0,0.108142253677665,0.016842910538419,0.001880800538324,0,0,0,0.001880800538324,0.108142253677665,1000,58,3113723.61999979,3295,8808,5513,6645.91379310344,1482.0624990833,2,54,1,5,20,5,24,2,1,0,0,1,4,5,1,1,1,0,0,0,0,1,0,0,0,0,0,0,0,0,0,0,0,0,0,153,101,154,150,135,150,131,153,154,155,155,154,151,150,154,154,154,155,155,155,155,154,155,155,155,155,155,155,155,155,155,155,155,155,155
"83","Kananaskis","Cell R46",0,5,0,3,0,1,0,0,0,0,0,0,0,0,0,1,0,0,0,0,0,0,1,2,0,0,0,0,0,0,0,0,0,0,0,0,0,0,0,0,0,0,110,615117.999998823,5625016.00012494,0,0.356977460420731,0,0.224034160503109,0.014659487418774,0,0.985294118523598,2273.5392140222,34.0456977480934,0,0,0,0,0,0,0,0,0,0,1000,56,3006353.84000005,800,9056,8256,4484,2283.06969889226,5,1,0,2,4,0,0,1,0,0,0,0,1,0,0,0,0,0,0,0,0,0,0,0,0,0,0,0,0,0,0,0,0,0,0,12,16,17,15,13,17,17,16,17,17,17,17,16,17,17,17,17,17,17,17,17,17,17,17,17,17,17,17,17,17,17,17,17,17,17
"84","Kananaskis","Cell R47",11,0,4,13,1,5,0,1,3,2,3,0,0,0,0,2,0,0,0,0,0,0,0,33,0,0,0,0,0,0,0,0,0,0,0,0,0,0,0,0,0,0,552,621083.999998764,5626144.00012495,0,0.019576880376537,0,0.765982746853547,0.082286739595078,0.022212294366436,0.616557737191518,1951.72758014386,25.2019583384196,0,0,0.376950383741144,0.011300892841931,0.022482875935198,0,0,0,0.022482875935198,0.376950383741144,1000,56,3006353.84000005,2935,8243,5308,7371.01785714285,1027.83773544047,0,7,0,23,24,12,3,0,4,7,1,16,6,11,0,1,0,0,1,0,0,0,0,0,0,0,0,0,0,0,0,0,0,0,0,147,140,147,124,123,135,144,147,143,140,146,131,141,136,147,146,147,147,146,147,147,147,147,147,147,147,147,147,147,147,147,147,147,147,147
"85","Kananaskis","Cell R48",0,1,1,22,3,7,0,2,0,5,8,0,0,0,0,0,0,0,0,3,0,0,0,21,2,0,1,0,0,0,0,0,0,0,0,0,0,0,0,0,0,0,552,629292.999998682,5627585.00012495,0,0.13101201383882,0,0.737541474017363,0.010427293886516,0.028396804465083,0.033333333581686,1630.49913251323,17.6925556305916,0,0,0,0.018244690336045,0.004916396316761,0,0.01966041031304,0,0.024576806629801,0,1000,57,3060038.72999979,6013,8899,2886,7257.9649122807,564.957845498148,1,13,1,18,31,0,1,0,6,5,7,10,0,0,8,0,4,0,2,0,0,2,0,0,0,0,0,0,0,0,0,0,0,0,0,153,141,153,136,123,154,153,154,148,149,147,144,154,154,146,154,150,154,152,154,154,152,154,154,154,154,154,154,154,154,154,154,154,154,154
"86","Kananaskis","Cell R49",4,8,25,23,0,16,0,3,0,1,0,0,0,0,0,0,0,0,11,0,0,0,1,53,0,0,2,0,0,0,0,0,0,0,0,0,0,0,0,0,0,0,449,631016.999998666,5624696.00012494,0,0.236414278480629,0.01132104629153,0.606603705681418,0.078656816787251,0,0.0375816995898883,1654.1456507529,17.9994217903383,0,0,0,0.012129090116669,0.005542666246175,0,0.022736968736127,0,0.028279634982302,0,1000,60,3221093.39999988,6523,8345,1822,7528.76666666666,375.396562169784,8,19,19,31,31,4,25,1,1,0,2,0,0,0,4,0,0,0,6,0,0,0,0,0,0,0,0,0,0,0,0,0,0,0,0,111,100,100,88,88,115,94,118,118,119,117,119,119,119,115,119,119,119,113,119,119,119,119,119,119,119,119,119,119,119,119,119,119,119,119
"87","Kananaskis","Cell R5",3,8,1,3,4,4,0,0,0,2,1,0,0,0,0,0,0,0,0,0,0,0,7,0,0,0,0,0,0,0,0,0,0,0,0,0,0,0,0,0,0,0,150,611259.999998852,5652780.00012508,0.203085255569056,0.069980669824231,0.007473545866404,0.638899520564124,0,0,0.313997827470303,1815.82426602803,26.7348369780041,0,0,0.03286111329623,9.183808027e-06,0.005565470239883,0,0,0,0.005565470239883,0.03286111329623,1000,60,3221093.39999988,-1970,7792,9762,6347.76666666666,1820.94711040405,7,3,0,0,4,3,1,4,2,4,0,1,0,0,0,0,0,0,0,0,0,0,0,0,0,0,0,0,0,0,0,0,0,0,0,15,19,22,22,18,19,21,18,20,18,22,21,22,22,22,22,22,22,22,22,22,22,22,22,22,22,22,22,22,22,22,22,22,22,22
"88","Kananaskis","Cell R50",4,3,7,6,1,14,0,1,0,1,1,0,0,0,0,0,0,0,0,0,0,0,6,2,0,0,0,0,0,0,0,0,0,0,0,0,0,0,0,0,0,0,552,641581.999998563,5625183.00012494,0,0.091326010589437,0,0.681055089592749,0,0,0.0555555559694767,1873.07183055389,23.6201408092792,0,0,0,0.003333523740684,0.003355962695265,0,0,0,0.003355962695265,0,1000,60,3221093.39999978,1929,8123,6194,6717.23333333333,1640.97402342497,2,13,0,2,7,7,6,7,2,5,0,3,0,1,0,0,0,0,1,0,0,0,0,0,0,0,0,0,0,0,0,0,0,0,0,151,140,153,151,146,146,147,146,151,148,153,150,153,152,153,153,153,153,152,153,153,153,153,153,153,153,153,153,153,153,153,153,153,153,153
"89","Kananaskis","Cell R51",2,2,50,34,1,6,0,0,0,3,2,0,0,0,0,0,0,0,0,3,0,0,12,1,1,0,1,0,0,1,0,0,0,0,0,0,0,0,0,0,0,0,549,651163.999998466,5628746.00012495,0.154424977592244,0.141678004643423,0,0.435723300136185,0,0.081973289171377,0.0555555559694767,1629.0729173105,7.3539000402523,0,0,0,0.022713709956629,0.01133531320527,0,0,0,0.01133531320527,0,1000,58,3113723.61999979,4876,7962,3086,7015.70689655172,817.616658524804,2,13,0,2,24,2,35,9,6,1,0,3,0,0,2,1,7,0,0,0,0,1,0,0,0,0,0,0,0,0,0,0,0,0,0,150,139,152,150,128,150,117,143,146,151,152,149,152,152,150,151,145,152,152,152,152,151,152,152,152,152,152,152,152,152,152,152,152,152,152
"90","Kananaskis","Cell R52",4,0,21,4,0,0,0,0,0,0,0,0,0,0,0,0,0,0,0,0,0,0,0,2,0,0,0,0,0,0,0,0,0,0,0,0,0,0,0,0,0,0,132,658476.999998395,5628469.00012494,0,0.02306515231291,0.243998876382685,0.548410833978274,0,0,0.148148151114583,1734.17258162153,10.875727367702,0,0,0.365295829472233,0.00658375478905,0.007620326597035,0,0,0,0.007620326597035,0.365295829472233,1000,59,3167408.50999978,6725,8186,1461,7479.35593220338,331.295544369438,0,0,0,2,4,4,13,0,0,0,0,0,0,0,0,0,0,0,0,0,0,0,0,0,0,0,0,0,0,0,0,0,0,0,0,20,20,20,18,16,16,7,20,20,20,20,20,20,20,20,20,20,20,20,20,20,20,20,20,20,20,20,20,20,20,20,20,20,20,20
"91","Kananaskis","Cell R53",1,0,4,4,0,5,0,0,0,1,0,0,0,0,0,0,0,0,0,0,0,0,13,1,0,0,0,0,0,0,0,0,0,0,0,0,0,0,0,0,0,0,129,661758.999998363,5626510.00012493,0,0.036629532869877,0.159047518670551,0.741110095065738,0.031194759818373,0,0.0972222248092294,1696.59854243352,13.6492302234356,0,0,0.184900171261523,0,0.007806197821475,0,0,0,0.007806197821475,0.184900171261523,1000,58,3113723.61999988,5473,8035,2562,7562.05172413793,375.84807194754,0,4,0,1,4,1,4,6,1,0,0,0,0,0,0,0,0,0,0,0,0,0,0,0,0,0,0,0,0,0,0,0,0,0,0,19,15,19,18,15,18,15,13,18,19,19,19,19,19,19,19,19,19,19,19,19,19,19,19,19,19,19,19,19,19,19,19,19,19,19
"92","Kananaskis","Cell R54",6,12,38,15,0,17,0,0,0,0,1,0,0,0,2,0,0,0,0,0,0,0,5,6,0,0,1,0,0,1,0,0,0,0,0,0,0,0,0,0,0,0,368,672636.999998257,5625157.00012492,0,0.02972914560313,0.035109851089192,0.311223931558689,0.048935023816765,0.436659878557487,0,1402.77256545777,10.7342102733283,0,0.004408174773927,0.027119396322765,0.014053011842173,0.011762986066015,0,0,0,0.011762986066015,0.031527571096692,1000,57,3060038.72999979,7141,8626,1485,8085.9649122807,410.895725232656,8,20,0,7,19,6,34,5,0,0,3,1,0,0,2,2,0,0,0,0,0,0,0,0,0,0,0,0,0,0,0,0,0,0,0,76,64,84,77,65,78,50,79,84,84,81,83,84,84,82,82,84,84,84,84,84,84,84,84,84,84,84,84,84,84,84,84,84,84,84
"93","Kananaskis","Cell R58",1,0,1,4,0,0,0,0,0,0,0,0,0,0,0,0,0,0,0,0,0,0,4,4,0,0,0,0,0,0,0,0,0,0,0,0,0,0,0,0,0,0,118,622214.999998756,5615824.0001249,0.061190828990481,0.124713377139957,0,0.537390752206522,0.062985718160389,0.009754733463904,0.953703701496124,2210.67330070375,24.8087692987351,0,0,0,0,0,0,0,0,0,0,1000,59,3167408.51000005,5491,9901,4410,7910.06779661016,1350.92173008925,0,0,0,3,4,1,1,4,0,0,0,0,0,0,0,0,0,0,0,0,0,0,0,0,0,0,0,0,0,0,0,0,0,0,0,18,18,18,15,14,17,17,14,18,18,18,18,18,18,18,18,18,18,18,18,18,18,18,18,18,18,18,18,18,18,18,18,18,18,18
"94","Kananaskis","Cell R59",13,1,101,14,0,2,0,1,0,9,13,0,0,0,0,0,0,0,0,0,0,0,0,23,0,0,0,0,0,0,2,0,0,0,0,0,0,0,0,0,0,0,486,627338.999998705,5618599.00012491,0,0.022694611228534,0,0.901175347568501,0.015917898317688,0,0.0866013076156378,1815.37606665273,20.6817243777144,0,0,0.029113240034826,0.009634139921145,0.003096314685348,0,0,0,0.003096314685348,0.029113240034826,1000,60,3221093.39999978,6695,8423,1728,7647.53333333333,358.543138579188,1,3,0,22,28,14,29,0,11,7,0,23,0,0,0,0,0,0,1,2,0,0,0,0,0,0,0,0,0,0,0,0,0,0,0,124,122,125,103,97,111,96,125,114,118,125,102,125,125,125,125,125,125,124,123,125,125,125,125,125,125,125,125,125,125,125,125,125,125,125
"95","Kananaskis","Cell R6",2,11,9,12,60,3,0,0,0,13,7,0,0,0,4,0,0,0,2,0,0,0,2,0,0,0,3,0,0,0,0,0,0,0,0,0,0,0,0,0,0,0,552,623432.999998731,5653224.00012507,0,0.05047155057545,0,0.949528449421648,0,0,0.0111111111938953,1511.05750291721,14.0994053069776,0,0,0,0,0.007320692930692,0,0.022122004647582,0,0.029442697578274,0,1000,60,3221093.40000005,7691,8057,366,7899.18333333333,83.6178792018699,10,6,4,0,24,2,13,4,25,66,10,10,0,0,6,0,0,0,1,0,0,0,0,0,0,0,0,0,0,0,0,0,0,0,0,144,148,150,154,130,152,141,150,129,88,144,144,154,154,148,154,154,154,153,154,154,154,154,154,154,154,154,154,154,154,154,154,154,154,154
"96","Kananaskis","Cell R60",2,5,3,12,1,6,0,0,3,1,4,0,0,0,0,0,0,0,4,0,0,0,1,24,0,0,0,0,0,0,0,0,0,0,0,0,0,0,0,0,0,0,504,630893.999998671,5617054.0001249,0.209146571629105,0,0,0.710432645949255,0,0,0.158496733754873,1741.45569514922,18.4031319081592,0,0,0,0.01479168164262,0.007459675399077,0,0,0,0.007459675399077,0,1000,58,3113723.61999979,5065,8181,3116,7094.79310344827,696.856160852401,5,13,4,14,19,4,4,1,4,4,0,9,1,6,1,0,0,0,0,0,0,0,0,0,0,0,0,0,0,0,0,0,0,0,0,142,134,143,133,128,143,143,146,143,143,147,138,146,141,146,147,147,147,147,147,147,147,147,147,147,147,147,147,147,147,147,147,147,147,147
"97","Kananaskis","Cell R61",0,0,0,6,0,4,0,0,0,0,2,0,0,0,0,0,0,0,0,0,0,0,2,11,0,0,0,0,0,0,0,0,0,0,0,0,0,0,0,0,0,0,304,642724.999998554,5618034.0001249,0,0.06351084638266,0.031211136044948,0.542746385983979,0.010959755779742,0.025890346076819,0.480392172932625,2306.31838718849,27.522283916232,0,0,0,0.005258161063217,0,0,0,0,0,0,1000,61,3274778.28999987,1722,9879,8157,6699.80327868852,1960.11791063594,0,4,0,10,7,0,0,2,0,0,0,2,0,0,0,0,0,0,0,0,0,0,0,0,0,0,0,0,0,0,0,0,0,0,0,71,67,71,61,64,71,71,69,71,71,71,69,71,71,71,71,71,71,71,71,71,71,71,71,71,71,71,71,71,71,71,71,71,71,71
"98","Kananaskis","Cell R62",1,2,3,5,2,5,0,1,1,2,2,0,0,0,0,0,0,0,2,0,0,0,8,2,0,0,0,0,0,0,0,0,0,0,0,0,0,0,0,0,0,0,552,650688.999998476,5619864.00012491,0.027094295174199,0.006381982060954,0,0.731517736454227,0,0,0.194444447755814,1855.89051184276,26.8116768973214,0,0,0,0.003970039236033,0.002194393517599,0,0,0,0.002194393517599,0,1000,60,3221093.39999978,2143,8266,6123,6196.16666666666,1478.58078537795,2,5,2,3,6,1,3,5,6,5,0,4,0,1,0,0,0,0,1,0,0,0,0,0,0,0,0,0,0,0,0,0,0,0,0,151,148,151,150,147,152,150,148,147,148,153,149,153,152,153,153,153,153,152,153,153,153,153,153,153,153,153,153,153,153,153,153,153,153,153
"99","Kananaskis","Cell R63",7,0,1,4,0,2,0,0,0,0,2,0,0,0,0,0,0,0,1,0,0,0,32,2,0,0,1,0,0,0,0,0,0,0,0,0,0,0,0,0,0,0,132,654326.999998438,5621979.00012492,0,0.092742809681254,0.022668695616662,0.884588494698971,0,0,0.188888894021511,1978.13682243152,15.2705234625401,0,0,0,0,0.00473579098606,0,0,0,0.00473579098606,0,1000,58,3113723.61999979,6994,8104,1110,7546.48275862068,270.114231351484,0,2,1,2,4,6,1,17,0,0,0,2,0,0,1,0,0,0,0,0,0,0,0,0,0,0,0,0,0,0,0,0,0,0,0,20,18,19,18,16,14,19,3,20,20,20,18,20,20,19,20,20,20,20,20,20,20,20,20,20,20,20,20,20,20,20,20,20,20,20
"100","Kananaskis","Cell R64",20,2,35,6,0,2,0,1,0,0,0,0,0,0,0,0,0,0,1,0,0,0,3,0,0,0,0,0,0,0,0,0,0,0,0,0,0,0,0,0,0,0,150,664551.999998339,5618921.00012489,0,0.00978453554422,0,0.875964958875939,0,0.055297852636756,0,1589.74397644816,13.3102575374555,0,0,0,0.008148752287811,0.003956481978433,0,0,0,0.003956481978433,0,1000,58,3113723.61999988,7416,7962,546,7703.03448275862,143.972694431879,2,2,1,0,6,10,15,3,0,0,0,0,0,0,0,0,0,0,1,0,0,0,0,0,0,0,0,0,0,0,0,0,0,0,0,21,21,22,23,17,13,8,20,23,23,23,23,23,23,23,23,23,23,22,23,23,23,23,23,23,23,23,23,23,23,23,23,23,23,23
"101","Kananaskis","Cell R65",7,3,25,10,0,19,0,0,0,4,4,0,0,0,0,0,0,0,2,1,0,0,2,10,0,1,2,0,0,1,0,0,0,0,0,0,0,0,0,0,0,0,352,667935.999998304,5620636.0001249,0,0.057146818992348,0,0.768507524128806,0.052113553876796,0.067847235381418,0,1518.68442305308,19.6810837034195,0,0,0.01213126369209,0.006313887967425,0.00390863115912,0,0,0,0.00390863115912,0.01213126369209,1000,62,3328463.17999987,7166,8239,1073,7880.95161290322,219.680958358121,3,28,2,11,12,15,25,2,4,0,0,4,0,0,4,1,2,0,0,0,1,0,0,0,0,0,0,0,0,0,0,0,0,0,0,76,51,77,68,67,64,54,77,75,79,79,75,79,79,75,78,77,79,79,79,78,79,79,79,79,79,79,79,79,79,79,79,79,79,79
"102","Kananaskis","Cell R66",0,0,7,3,0,0,0,0,0,0,0,0,0,0,0,0,0,0,0,0,0,0,0,1,0,0,0,0,0,0,0,0,0,0,0,0,0,0,0,0,0,0,118,674584.99999824,5620624.0001249,0,0.163650956999046,0.059601257351663,0.408846849623695,0.077073924263233,0.176221666919983,0,1356.74429485987,11.2732493567088,0,0,0,0.010537492552395,0.016703575791591,0.09238282244132,0,0,0.016703575791591,0.09238282244132,1000,57,3060038.72999979,7754,8798,1044,8341.77192982456,268.232160345567,0,0,0,1,4,0,5,0,0,0,0,0,0,0,0,0,0,0,0,0,0,0,0,0,0,0,0,0,0,0,0,0,0,0,0,19,19,19,18,15,19,14,19,19,19,19,19,19,19,19,19,19,19,19,19,19,19,19,19,19,19,19,19,19,19,19,19,19,19,19
"103","Kananaskis","Cell R69",0,0,0,4,0,1,0,0,0,0,0,0,0,0,0,0,0,0,0,0,0,0,1,2,0,0,0,0,0,0,0,0,0,0,0,0,0,0,0,0,0,0,201,621642.999998765,5609881.00012487,0.14548641791494,0.296122476104235,0,0.239016033262597,0.04701703396048,0.027971147665819,0.971132894357046,2251.88569942401,27.6841180886433,0,0,0,0,0.004938659558851,0,0,0,0.004938659558851,0,1000,58,3113723.62000005,1342,9332,7990,5887.91379310344,2110.30379643738,0,1,0,2,5,0,0,1,0,1,0,1,0,0,0,0,0,0,0,0,0,0,0,0,0,0,0,0,0,0,0,0,0,0,0,56,55,56,54,51,56,56,55,56,55,56,55,56,56,56,56,56,56,56,56,56,56,56,56,56,56,56,56,56,56,56,56,56,56,56
"104","Kananaskis","Cell R7",0,17,2,11,0,9,0,0,0,12,8,0,0,0,0,0,0,0,0,0,0,0,6,0,0,0,1,0,0,7,0,0,0,0,0,0,0,0,0,0,0,0,337,630890.999998655,5658091.0001251,0.141263403825141,0.141392935442595,0.010923124458351,0.550755046088217,0.006494866460873,0.009043267872159,0,1374.63199137108,20.8883663557733,0,0,0,0.028235886145486,0.002221003178485,0.003206650042737,0.025091991987573,0.003175512007062,0.03048850717312,0.003206650042737,1000,60,3221093.39999978,5920,8337,2417,7264.75,715.384573149295,11,11,0,0,18,0,2,8,16,0,3,9,0,0,3,10,0,0,0,0,0,0,0,0,0,0,0,0,0,0,0,0,0,0,0,66,66,77,77,59,77,75,69,61,77,74,68,77,77,74,67,77,77,77,77,77,77,77,77,77,77,77,77,77,77,77,77,77,77,77
"105","Kananaskis","Cell R70",1,7,1,17,4,0,0,0,0,3,0,0,0,0,0,0,0,0,0,0,0,0,3,9,0,0,0,0,0,0,0,0,0,0,0,0,0,0,0,0,0,0,479,627995.999998701,5611711.00012487,0,0.258156113777226,0.089239438992064,0.613335978633565,0,0,0.36862744987011,1914.50431249686,27.7443345244674,0,0,0,0,0.005104175556825,0,0,0,0.005104175556825,0,1000,58,3113723.61999979,4561,7781,3220,7101.82758620689,716.917831533041,6,0,0,8,17,1,1,5,3,4,0,0,0,0,0,0,0,0,0,0,0,0,0,0,0,0,0,0,0,0,0,0,0,0,0,116,122,122,114,105,121,121,117,119,118,122,122,122,122,122,122,122,122,122,122,122,122,122,122,122,122,122,122,122,122,122,122,122,122,122
"106","Kananaskis","Cell R71",7,6,5,58,2,23,0,38,10,1,5,0,0,0,4,0,0,0,16,0,0,0,2,101,0,0,1,0,0,2,0,0,0,0,0,0,0,0,0,0,0,0,487,636558.999998617,5612447.00012487,0,0.117964326158031,0,0.736047530488377,0,0,0.122222226113081,1946.92154921999,23.6821324536755,0,0,0,0.021504567823367,0.002455670725794,0,0,0,0.002455670725794,0,1000,59,3167408.50999978,4104,7886,3782,7149.54237288135,749.827512866789,6,18,15,50,40,12,5,2,2,2,3,6,0,11,1,2,0,0,15,0,0,0,0,0,0,0,0,0,0,0,0,0,0,0,0,119,107,110,75,85,113,120,123,123,123,122,119,125,114,124,123,125,125,110,125,125,125,125,125,125,125,125,125,125,125,125,125,125,125,125
"107","Kananaskis","Cell R72",1,0,1,4,7,2,0,0,0,1,2,0,0,0,0,0,0,0,0,2,0,0,4,0,0,0,0,1,0,0,0,0,0,0,0,0,0,0,0,0,0,0,133,641412.999998568,5612064.00012487,0.014617165726134,0.08327965029319,0.029275033185643,0.543444939352258,0,0,0.702137798070908,2198.67172397711,30.1810649969639,0,0,0,0.005880293164808,0.001266563173281,0,0,0,0.001266563173281,0,1000,58,3113723.61999979,1651,9046,7395,5394.36206896551,2297.04283431963,0,2,0,0,5,1,1,3,1,6,0,2,0,0,0,0,2,0,0,0,0,0,0,0,0,1,0,0,0,0,0,0,0,0,0,21,19,21,21,16,20,20,18,20,15,21,19,21,21,21,21,19,21,21,21,21,21,21,21,21,20,21,21,21,21,21,21,21,21,21
"108","Kananaskis","Cell R73",2,0,21,5,0,6,0,0,0,0,0,0,0,0,0,0,0,0,10,0,0,0,9,5,0,0,0,0,0,0,0,0,0,0,0,0,0,0,0,0,0,0,130,644651.999998537,5614314.00012488,0.019919368026696,0.32226900244575,0.044950866107564,0.486001884027805,0.025395631070766,0.041017045851099,0.555555558204651,2103.88250248016,10.670369563027,0,0,0,0.006411607648815,0.002173468914682,0,0,0,0.002173468914682,0,1000,56,3006353.83999979,6892,8269,1377,7840.89285714285,344.410763819447,0,5,4,4,4,2,8,8,0,0,0,0,0,0,0,0,0,0,0,0,0,0,0,0,0,0,0,0,0,0,0,0,0,0,0,20,15,16,16,16,18,12,12,20,20,20,20,20,20,20,20,20,20,20,20,20,20,20,20,20,20,20,20,20,20,20,20,20,20,20
"109","Kananaskis","Cell R74",0,0,2,4,0,0,0,0,0,0,0,0,0,0,0,0,0,0,0,0,0,0,4,6,0,0,0,0,0,0,0,0,0,0,0,0,0,0,0,0,0,0,125,657961.999998407,5614856.00012488,0,0.082404265772739,0,0.770707496983677,0.041442733656983,0.033549206199772,0.0568627454340458,1792.93279834917,17.8436294847233,0,0,0,0,0.000952795309441,0,0,0,0.000952795309441,0,1000,59,3167408.50999988,5195,7738,2543,7110.03389830508,643.928277038326,0,0,0,4,4,0,2,3,0,0,0,0,0,0,0,0,0,0,0,0,0,0,0,0,0,0,0,0,0,0,0,0,0,0,0,19,19,19,15,15,19,17,16,19,19,19,19,19,19,19,19,19,19,19,19,19,19,19,19,19,19,19,19,19,19,19,19,19,19,19
"110","Kananaskis","Cell R75",2,12,20,11,0,11,0,0,0,4,7,0,0,0,0,0,0,0,7,0,0,0,9,9,0,0,3,0,0,22,0,0,0,0,0,0,0,0,0,0,0,0,551,664402.999998344,5614617.00012488,0,0.044516340886157,0,0.870031781791277,0,0.030403460391567,0.00925925932824612,1638.18108103919,19.6014839777871,0,0,0,0.00699953098413,0.003686843346399,0,0,0,0.003686843346399,0,1000,60,3221093.39999978,7079,8201,1122,7823.75,182.746146790203,9,30,5,8,13,4,17,12,4,0,0,11,0,0,9,30,0,0,0,0,0,0,0,0,0,0,0,0,0,0,0,0,0,0,0,143,122,147,144,139,148,135,140,148,152,152,141,152,152,143,122,152,152,152,152,152,152,152,152,152,152,152,152,152,152,152,152,152,152,152
"111","Kananaskis","Cell R76",2,8,11,8,0,1,0,0,0,0,0,0,0,0,8,0,0,0,1,0,0,0,7,0,1,1,1,0,0,0,0,0,0,0,0,0,0,0,0,0,0,0,168,671973.999998268,5614819.00012487,0,0.139354856936658,0.088422865471083,0.107173858059313,0.448337627467633,0.183513271875167,0,1577.82082877189,25.4636827699698,0,0,0,0.007097326883927,0.00143884995775,0.025374555507943,0,0,0.00143884995775,0.025374555507943,1000,56,3006353.83999979,6807,8790,1983,8253.89285714285,440.754899436809,8,1,1,0,7,2,9,6,0,0,6,0,0,0,1,0,0,0,0,0,1,1,0,0,0,0,0,0,0,0,0,0,0,0,0,17,24,24,25,18,23,16,19,25,25,19,25,25,25,24,25,25,25,25,25,24,24,25,25,25,25,25,25,25,25,25,25,25,25,25
"112","Kananaskis","Cell R77",11,3,66,20,0,34,0,0,0,4,0,0,0,0,0,0,0,0,3,1,0,0,5,5,0,1,0,0,0,0,0,0,0,1,0,0,0,0,0,0,0,0,551,677139.999998218,5612281.00012486,0,0.031487230247001,0.101699198169496,0.538225659116543,0.104193708031867,0.131833414692214,0,1433.74378572409,9.31979140991601,0.003312035022562,0,0.125106915295482,0.016966985439097,0.027336963697676,0,0,0,0.027336963697676,0.128418950318044,1000,56,3006353.83999979,7736,8680,944,8243.375,219.227830162726,3,32,3,6,18,12,45,5,5,4,1,0,0,0,0,0,2,0,3,0,1,0,0,0,0,0,1,0,0,0,0,0,0,0,0,146,117,146,143,131,137,104,144,144,145,148,149,149,149,149,149,147,149,146,149,148,149,149,149,149,149,148,149,149,149,149,149,149,149,149
"113","Kananaskis","Cell R8",1,12,29,5,2,0,0,0,0,1,1,0,0,0,1,0,0,0,3,0,0,0,0,0,0,0,0,0,0,0,0,0,0,0,0,0,0,0,0,0,0,0,154,636925.999998595,5656047.00012508,0.177730879753015,0.135587636064271,0.049519702141783,0.186527490149231,0.07949576061046,0.349591699839502,0,1404.90195041233,9.76895001123822,0,0,0.080891614911335,0.004434584289917,0.012204591650621,0,0.080280585702696,0,0.092485177353317,0.080891614911335,1000,58,3113723.61999979,382,8612,8230,7491.41379310344,1381.06384574234,8,0,2,0,6,1,12,0,1,2,1,1,0,0,0,0,0,0,0,0,0,0,0,0,0,0,0,0,0,0,0,0,0,0,0,16,24,22,24,18,23,12,24,23,22,23,23,24,24,24,24,24,24,24,24,24,24,24,24,24,24,24,24,24,24,24,24,24,24,24
"114","Kananaskis","Cell R80",40,2,14,116,0,0,0,1,0,1,0,0,0,0,0,0,0,0,0,0,0,0,0,11,0,0,0,1,0,0,0,0,0,0,0,0,0,0,0,0,0,0,337,627910.999998703,5609733.00012486,0.110388736541213,0.077629368621964,0,0.698545664470725,0.006581628283151,0.017626619955914,0.485620923340321,1797.48022191382,24.3443974154981,0,0,0,0,0.000498854246696,0,0,0,0.000498854246696,0,1000,61,3274778.28999987,-359,9795,10154,6615.32786885245,1740.54930769054,2,0,0,10,38,20,9,0,1,2,0,1,1,0,0,0,0,0,1,0,0,0,0,0,0,1,0,0,0,0,0,0,0,0,0,73,75,75,65,37,55,66,75,74,73,75,74,74,75,75,75,75,75,74,75,75,75,75,75,75,74,75,75,75,75,75,75,75,75,75
"115","Kananaskis","Cell R81",0,0,2,4,1,0,0,0,0,2,1,0,0,0,0,0,0,0,0,0,0,0,1,0,0,0,1,0,0,0,0,0,0,0,0,0,0,0,0,0,0,0,124,636658.999998618,5605702.00012484,0,0,0,0.690233911025323,0,0,0.345315910875797,1927.09884952764,9.75615484064276,0,0,0,0.003771502332804,0.009917751107822,0,0.014924432830409,0,0.024842183938231,0,1000,60,3221093.39999988,7528,8149,621,7802.31666666666,169.369171896461,0,0,0,0,4,0,2,1,2,1,0,1,0,0,1,0,0,0,0,0,0,0,0,0,0,0,0,0,0,0,0,0,0,0,0,18,18,18,18,14,18,16,17,16,17,18,17,18,18,17,18,18,18,18,18,18,18,18,18,18,18,18,18,18,18,18,18,18,18,18
"116","Kananaskis","Cell R82",0,0,0,8,1,0,0,0,1,2,3,0,0,0,0,0,0,0,0,0,0,0,0,3,0,0,0,0,0,0,0,0,0,0,0,0,0,0,0,0,0,0,552,642464.999998561,5607310.00012485,0,0.171558210611918,0,0.359788300508684,0.02765535106893,0.000480550302241,0.873366013169289,2343.1088952443,34.103468734499,0,0,0,0.014744623051471,0.004221034866288,0,0,0,0.004221034866288,0,1000,56,3006353.83999979,1480,8058,6578,6070.69642857142,1884.80571109031,0,1,0,5,10,0,0,1,3,8,2,8,1,4,0,0,0,0,0,0,0,0,0,0,0,0,0,0,0,0,0,0,0,0,0,158,157,158,153,148,158,158,157,155,150,156,150,157,154,158,158,158,158,158,158,158,158,158,158,158,158,158,158,158,158,158,158,158,158,158
"117","Kananaskis","Cell R83",0,1,2,4,1,1,0,0,0,2,3,0,0,0,0,0,0,0,2,0,0,0,3,3,0,0,0,0,0,0,0,0,0,0,0,0,0,0,0,0,0,0,134,645350.999998534,5603042.00012482,0,0.209876432013572,0.032401237657427,0.425431869395655,0.176851764838806,0.021536012392558,0.657407402992249,2149.77663737498,30.8972415802585,0,0,0,0.011918902588692,0.003505633359336,0,0,0,0.003505633359336,0,1000,58,3113723.61999979,3849,8490,4641,7430.05172413793,1069.40324032988,1,1,1,3,5,0,2,3,2,3,0,4,0,0,0,0,0,0,0,0,0,0,0,0,0,0,0,0,0,0,0,0,0,0,0,23,23,23,21,19,24,22,21,22,21,24,20,24,24,24,24,24,24,24,24,24,24,24,24,24,24,24,24,24,24,24,24,24,24,24
"118","Kananaskis","Cell R84",0,1,0,5,0,0,0,0,0,1,0,0,0,0,0,0,0,0,0,0,0,0,3,3,0,0,0,0,0,0,0,0,0,0,0,0,0,0,0,0,0,0,166,656740.999998419,5607187.00012484,0,0.125589038858615,0,0.587025075722733,0,0,0.0648148152977228,1828.69462325412,38.4035487527633,0,0,0,0.003973850186824,0.001792368923149,0,0,0,0.001792368923149,0,1000,59,3167408.50999978,1845,8687,6842,6003.03389830508,1813.19752180731,1,0,0,3,5,0,0,3,1,0,0,0,0,0,0,0,0,0,0,0,0,0,0,0,0,0,0,0,0,0,0,0,0,0,0,24,25,25,22,20,25,25,22,24,25,25,25,25,25,25,25,25,25,25,25,25,25,25,25,25,25,25,25,25,25,25,25,25,25,25
"119","Kananaskis","Cell R85",5,9,42,13,0,1,0,1,0,0,0,0,0,0,0,0,0,0,2,0,0,0,74,1,0,0,1,0,0,2,0,0,0,0,0,0,0,0,0,0,0,0,358,659659.999998392,5608203.00012484,0,0,0,0.893244804764495,0,0,0.0277777779847383,1670.71974278704,15.428592247299,0,0,0,0.013109107547823,0.010893508354652,0,0,0,0.010893508354652,0,1000,57,3060038.72999979,5687,8179,2492,7288.12280701754,425.929945239553,7,7,2,1,12,5,24,39,0,0,0,0,0,0,1,2,0,0,1,0,0,0,0,0,0,0,0,0,0,0,0,0,0,0,0,72,72,77,78,67,74,55,40,79,79,79,79,79,79,78,77,79,79,78,79,79,79,79,79,79,79,79,79,79,79,79,79,79,79,79
"120","Kananaskis","Cell R86",13,3,9,3,0,1,0,0,0,0,0,0,0,0,0,0,0,0,0,0,0,0,0,3,0,0,0,0,0,0,0,0,0,0,0,0,0,0,0,0,0,0,133,671561.999998277,5602770.00012481,0,0,0.107901944990032,0.770212022288478,0.018978871952958,0.055172034050237,0.083333333954215,1636.66768404927,12.042263286944,0,0,0.106525505986021,0.006422927261751,0.007632748740399,0,0,0,0.007632748740399,0.106525505986021,1000,59,3167408.50999978,6961,8004,1043,7593.37288135593,260.742219495221,2,1,0,3,4,5,6,0,0,0,0,0,0,0,0,0,0,0,0,0,0,0,0,0,0,0,0,0,0,0,0,0,0,0,0,18,19,20,17,16,15,14,20,20,20,20,20,20,20,20,20,20,20,20,20,20,20,20,20,20,20,20,20,20,20,20,20,20,20,20
"121","Kananaskis","Cell R87",4,3,17,6,0,13,0,2,0,4,3,0,0,0,0,0,0,0,6,0,0,0,2,2,0,3,0,0,0,3,0,0,0,1,0,0,0,0,0,0,0,0,360,674561.999998248,5602305.00012481,0,0.003350646352776,0.11655563984012,0.748918413403904,0.056643107538354,0.015477221523171,0.0222222223877907,1552.57843695747,13.5234568762401,0,0,0.125791133277967,0.006694853258726,0.006545780028996,0,0,0,0.006545780028996,0.125791133277967,1000,59,3167408.50999988,7244,8113,869,7726.47457627118,205.468654538114,3,11,5,2,8,4,14,2,4,0,0,3,0,0,0,3,0,0,2,0,3,0,0,0,0,0,1,0,0,0,0,0,0,0,0,76,68,74,77,71,75,65,77,75,79,79,76,79,79,79,76,79,79,77,79,76,79,79,79,79,79,78,79,79,79,79,79,79,79,79
"122","Kananaskis","Cell R9",0,3,2,4,0,6,0,0,0,0,0,0,0,0,0,0,0,0,0,1,0,0,1,0,0,0,0,0,0,0,0,0,0,0,0,0,0,0,0,0,0,0,130,639088.999998575,5655360.00012508,0,0.087385325385996,0.010079113704477,0.619008807011303,0.071090310181401,0.080146122528903,0,1431.83353002384,14.2044926847513,0,0,0.25726467093621,0.020468985946988,0.005939471106971,0,0,0,0.005939471106971,0.25726467093621,1000,60,3221093.39999988,5341,8436,3095,7403.71666666666,582.717143837576,3,5,0,0,5,0,2,1,0,0,0,0,0,0,0,0,1,0,0,0,0,0,0,0,0,0,0,0,0,0,0,0,0,0,0,18,16,21,21,16,21,19,20,21,21,21,21,21,21,21,21,20,21,21,21,21,21,21,21,21,21,21,21,21,21,21,21,21,21,21
"123","Kananaskis","Cell R90",1,1,2,11,0,0,0,1,0,2,0,0,0,0,0,1,0,0,0,0,0,0,0,10,0,0,0,0,0,0,0,0,0,0,0,0,0,0,0,0,0,0,355,647303.999998516,5598608.0001248,0,0.018474995429224,0,0.926349007931754,0,0.002812352367591,0.180555557832122,1970.60809934561,22.8179146131902,0,0,0,0.011359091359402,0.007075288133837,0,0,0,0.007075288133837,0,1000,58,3113723.61999979,6946,8064,1118,7601.39655172413,272.721465820254,1,1,0,9,13,1,2,0,4,1,0,1,2,4,0,0,0,0,1,0,0,0,0,0,0,0,0,0,0,0,0,0,0,0,0,81,81,82,73,69,81,80,82,78,81,82,81,80,78,82,82,82,82,81,82,82,82,82,82,82,82,82,82,82,82,82,82,82,82,82
"124","Kananaskis","Cell R91",0,0,6,9,0,0,0,0,0,0,1,0,0,0,0,0,0,0,1,0,0,0,0,2,0,0,0,0,0,0,0,0,0,0,0,0,0,0,0,0,0,0,365,653055.999998461,5598672.0001248,0,0.011712414419282,0,0.592095935120241,0.1363793615161,0.201768384348051,0.180555557832122,1815.45965400671,13.1400543310391,0,0,0,0.013099103523807,0.009904377320944,0,0,0,0.009904377320944,0,1000,59,3167408.50999978,6882,8387,1505,7846.16949152542,379.651809815719,0,0,1,2,11,0,6,0,0,0,0,1,0,0,0,0,0,0,0,0,0,0,0,0,0,0,0,0,0,0,0,0,0,0,0,82,82,81,80,71,82,76,82,82,82,82,81,82,82,82,82,82,82,82,82,82,82,82,82,82,82,82,82,82,82,82,82,82,82,82
"125","Kananaskis","Cell R92",2,0,0,4,0,0,0,0,0,0,0,0,0,0,0,0,0,0,0,0,0,0,4,0,0,0,0,0,0,0,0,0,0,0,0,0,0,0,0,0,0,0,121,661856.999998374,5598988.0001248,0,0.161373410803902,0.007356355069495,0.449980166592087,0,0.015133342162111,0.619281053543091,2148.79782613119,32.2333127046243,0,0,0,0,0,0,0,0,0,0,1000,58,3113723.61999979,1345,8690,7345,5605.01724137931,2423.16350289692,0,0,0,0,4,2,0,4,0,0,0,0,0,0,0,0,0,0,0,0,0,0,0,0,0,0,0,0,0,0,0,0,0,0,0,18,18,18,18,14,16,18,14,18,18,18,18,18,18,18,18,18,18,18,18,18,18,18,18,18,18,18,18,18,18,18,18,18,18,18
"126","Kananaskis","Cell R93",23,0,13,5,0,13,0,6,0,3,11,0,0,0,0,0,0,0,3,0,0,0,28,52,0,0,2,0,0,15,0,0,0,0,1,1,0,0,0,0,0,0,552,668841.999998305,5599915.0001248,0,0.093899623001713,0.033151427625952,0.806775915463728,0.001683036076428,0,0.157407410442829,1795.6704140315,22.5495419941251,0.003311853201283,0.005837140574022,0,0.007070585415474,0.002042641831783,0,0,0,0.002042641831783,0.009148993775305,1000,61,3274778.28999987,6538,7915,1377,7386.50819672131,315.561462821521,0,22,3,40,7,22,9,14,4,0,1,16,0,0,2,20,0,0,4,0,0,0,0,0,0,0,0,1,1,0,0,0,0,0,0,152,130,149,112,145,130,143,138,148,152,151,136,152,152,150,132,152,152,148,152,152,152,152,152,152,152,152,151,151,152,152,152,152,152,152
"127","Kananaskis","Cell R97",12,4,29,4,0,0,0,0,0,0,0,0,0,0,0,0,0,0,5,0,0,0,0,1,0,0,0,0,0,0,0,0,0,0,0,0,0,0,0,0,0,0,132,649215.9999985,5594243.00012478,0,0.034365158763151,0,0.740978741199865,0.224656100035404,0,0.36666667163372,2013.36208519569,21.0817134563739,0,0,0.744319982771979,0,0.061059937288848,0,0,0,0.061059937288848,0.744319982771979,1000,57,3060038.72999979,7369,8847,1478,8103.22807017543,317.521709026786,2,0,4,1,4,7,12,0,0,0,0,0,0,0,0,0,0,0,0,0,0,0,0,0,0,0,0,0,0,0,0,0,0,0,0,18,20,16,19,16,13,8,20,20,20,20,20,20,20,20,20,20,20,20,20,20,20,20,20,20,20,20,20,20,20,20,20,20,20,20
"128","Kananaskis","Cell R98",0,3,4,6,0,13,0,0,0,2,3,0,0,0,0,0,0,0,5,0,0,0,2,7,0,0,0,0,0,0,0,0,0,0,0,0,0,0,0,0,0,0,552,656617.999998428,5593751.00012477,0,0.042566931653619,0,0.690639724669902,0,0.21054955758085,0.129629631837209,1744.04584544878,15.4058486595031,0,0,0,0.011252841805565,0.004014592698663,0,0,0,0.004014592698663,0,1000,58,3113723.61999979,7003,8200,1197,7726.05172413793,327.027913098109,3,9,5,6,7,3,3,3,2,1,0,7,0,3,0,0,3,0,0,0,0,0,0,0,0,0,0,0,0,0,0,0,0,0,0,154,148,152,151,150,154,154,154,155,156,157,150,157,154,157,157,154,157,157,157,157,157,157,157,157,157,157,157,157,157,157,157,157,157,157
"129","Kananaskis","Cell R99",0,10,34,16,0,13,0,2,0,2,4,0,0,0,0,0,0,0,0,0,0,0,1,19,0,0,1,0,0,1,0,0,0,0,0,0,0,0,0,0,0,0,368,660031.999998397,5590028.00012475,0,0.286147217361221,0,0.657811030797018,0,0,0.0571895428001881,1742.81954696126,19.5859969948369,0,0,0,0.011652938070839,0.000384138601165,0,0,0,0.000384138601165,0,1000,58,3113723.61999979,7015,8273,1258,7630.55172413793,302.097162516427,10,11,0,14,14,1,22,1,2,0,0,5,0,0,1,1,0,0,4,0,0,0,0,0,0,0,0,0,0,0,0,0,0,0,0,73,72,83,69,69,82,61,82,81,83,83,78,83,83,82,82,83,83,79,83,83,83,83,83,83,83,83,83,83,83,83,83,83,83,83
"130","Kananaskis","Cell S102",18,7,66,4,0,2,0,0,0,0,0,0,0,0,0,0,0,0,2,0,0,0,1,0,0,0,0,0,0,0,0,0,0,0,0,0,0,0,0,0,0,0,131,681315.999998186,5594789.00012477,0,0.000830168234255,0.819676088777422,0,0.103025213977404,0.03103331291483,0,1392.38777067424,5.62533117950538,0,0,0,0.006489024883554,0.008510508988334,0.017877077895931,0,0,0.008510508988334,0.017877077895931,1000,60,3221093.39999978,7060,8560,1500,7809.53333333333,357.364774736144,4,2,2,0,4,13,17,1,0,0,0,0,0,0,0,0,0,0,0,0,0,0,0,0,0,0,0,0,0,0,0,0,0,0,0,16,18,18,20,16,7,3,19,20,20,20,20,20,20,20,20,20,20,20,20,20,20,20,20,20,20,20,20,20,20,20,20,20,20,20
"131","Kananaskis","Cell S108",2,5,52,8,0,2,0,0,0,1,0,0,0,0,0,0,0,0,1,0,0,0,4,2,0,0,2,0,0,0,0,0,0,0,0,0,0,0,0,0,0,0,368,685361.999998153,5583657.00012471,0,0.247430708960751,0.564909297465127,0.042471059462519,0.084655999106371,0.016194439635038,0,1418.10387048966,9.54327940329527,0,0,0,0.006699422293929,0.002796248647693,0.1920550442655,0,0,0.002796248647693,0.1920550442655,1000,58,3113723.61999988,7339,8792,1453,8055.56896551724,378.730324950176,5,3,2,1,11,2,30,3,1,0,1,0,0,0,2,0,0,0,0,0,0,0,0,0,0,0,0,0,0,0,0,0,0,0,0,80,82,83,84,74,83,55,82,84,85,84,85,85,85,83,85,85,85,85,85,85,85,85,85,85,85,85,85,85,85,85,85,85,85,85
"132","Kananaskis","Cell S13",1,3,50,2,0,24,0,0,0,0,0,0,0,0,1,0,0,0,1,0,0,0,0,2,0,0,0,0,0,0,0,0,0,0,0,0,0,0,0,0,0,0,102,666424.999998301,5656792.00012508,0,0,0.105537835913827,0.344303946010648,0.005908333613469,0.015716594368317,0,1313.63100342582,4.08672624692273,0,0,0,0.015489087431322,0.002258768242807,0.408879999223075,0,0,0.002258768242807,0.408879999223075,1000,58,3113723.61999979,7295,8764,1469,8024.72413793103,325.723798433022,2,10,1,2,3,1,16,0,0,0,1,0,0,0,1,0,0,0,0,0,0,0,0,0,0,0,0,0,0,0,0,0,0,0,0,15,7,16,15,14,16,1,17,17,17,16,17,17,17,16,17,17,17,17,17,17,17,17,17,17,17,17,17,17,17,17,17,17,17,17
"133","Kananaskis","Cell S14",15,3,86,10,0,52,0,1,0,1,0,0,0,0,11,0,0,0,16,0,0,0,1,6,0,5,8,0,0,0,0,0,0,0,0,0,0,0,0,0,0,0,368,672926.999998239,5654588.00012506,0.004490268227011,0,0.537875946708983,0.022272621479054,0.011520591353897,0,0,1302.63513262604,5.24032291548152,0,0,0,0.000913825641872,0.002866666640122,0.361360579072124,0,0,0.002866666640122,0.361360579072124,1000,58,3113723.61999979,6501,8611,2110,8168.06896551724,318.968967362523,3,35,9,5,12,17,44,1,2,0,15,0,0,0,10,0,0,0,4,0,6,0,0,0,0,0,0,0,0,0,0,0,0,0,0,81,49,75,79,72,67,40,83,82,84,69,84,84,84,74,84,84,84,80,84,78,84,84,84,84,84,84,84,84,84,84,84,84,84,84
"134","Kananaskis","Cell S2",17,18,49,9,0,6,0,0,0,0,0,0,0,0,1,0,0,0,2,0,0,0,0,0,0,0,1,0,0,2,0,0,0,0,0,0,0,0,0,0,0,0,368,659945.999998365,5658595.00012509,0,0.133138955307679,0.166489250731982,0.270271591426268,0.037928850987529,0.335128003677917,0,1378.9998987898,6.17977224422407,0,0.008018805877234,0.216161239180376,0.004711973402032,0.011436283914189,0.071512545750461,0,0,0.011436283914189,0.295692590808071,1000,59,3167408.50999988,7171,8466,1295,7939.91525423728,355.553247014032,13,12,3,1,11,15,36,0,0,0,1,0,0,0,3,3,0,0,0,0,0,0,0,0,0,0,0,0,0,0,0,0,0,0,0,71,72,81,83,73,69,48,84,84,84,83,84,84,84,81,81,84,84,84,84,84,84,84,84,84,84,84,84,84,84,84,84,84,84,84
"135","Kananaskis","Cell S23",2,7,17,4,0,3,0,1,0,0,0,0,0,0,0,0,0,0,0,0,0,0,0,0,0,0,0,0,0,0,0,0,0,0,0,0,0,0,0,0,0,0,106,667181.999998297,5649402.00012504,0,0.039667668944877,0.029281960044351,0.099779666558797,0.377831448547348,0.254271666650533,0,1389.34278821034,9.74183513860034,0,0,0,0.008791658629308,0.011729719005289,0.19122312502686,0,0,0.011729719005289,0.19122312502686,1000,58,3113723.61999979,8029,8753,724,8527.74137931034,157.826023852208,6,4,0,0,5,1,11,0,0,0,0,0,0,0,0,0,0,0,1,0,0,0,0,0,0,0,0,0,0,0,0,0,0,0,0,12,14,18,18,13,17,7,18,18,18,18,18,18,18,18,18,18,18,17,18,18,18,18,18,18,18,18,18,18,18,18,18,18,18,18
"136","Kananaskis","Cell S32",1,1,1,3,1,0,0,0,0,0,0,0,0,0,23,0,0,0,12,0,0,0,3,0,0,0,0,0,0,0,0,0,0,0,0,0,0,0,0,0,0,0,106,666832.999998306,5639626.00012499,0,0.236474854555579,0,0.295434475633521,0.001306187711768,0.370076934222267,0.0444444447755814,1536.70827112442,15.9778623825464,0,0,0.371935917429607,0.010690860286879,0.013797389549639,0,0,0,0.013797389549639,0.371935917429607,1000,58,3113723.61999979,7734,8473,739,8202.68965517241,212.255149557512,1,0,7,0,4,1,3,3,0,1,11,0,0,0,0,0,0,0,0,0,0,0,0,0,0,0,0,0,0,0,0,0,0,0,0,17,18,11,18,14,17,15,15,18,17,7,18,18,18,18,18,18,18,18,18,18,18,18,18,18,18,18,18,18,18,18,18,18,18,18
"137","Kananaskis","Cell S33",18,6,95,9,0,28,0,0,0,0,0,0,0,0,3,0,0,0,2,0,0,0,2,2,0,1,5,0,0,1,0,0,0,0,0,0,0,0,0,0,0,0,330,676750.999998208,5641672.000125,0,0,0.31426872412426,0.197671052255672,0.171707003083197,0.164024365041004,0,1318.13708728609,6.73464185926649,0.003311972584041,0,0,0.020317137838771,0.018856664365454,0.083659457480748,0,0,0.018856664365454,0.086971430064789,1000,58,3113723.61999979,6913,8556,1643,7781.60344827586,332.194736181545,5,25,2,2,11,30,50,1,0,0,7,0,0,0,6,1,0,0,0,0,1,0,0,0,0,0,0,0,0,0,0,0,0,0,0,72,52,75,75,66,47,27,76,77,77,70,77,77,77,71,76,77,77,77,77,76,77,77,77,77,77,77,77,77,77,77,77,77,77,77
"138","Kananaskis","Cell S34",13,0,66,7,0,16,0,0,0,0,2,0,0,0,1,0,0,0,1,0,0,0,0,3,0,0,6,0,0,0,0,0,0,0,0,0,0,0,0,0,0,0,309,681310.999998165,5637351.00012498,0,0.003494375232829,0.246738414348791,0.188318519485386,0,0.152372656938917,0,1269.59951859486,7.56913602804836,0,0,0,0.012200358919772,0.008786943088891,0.308772074323215,0,0,0.008786943088891,0.308772074323215,1000,60,3221093.39999978,7734,8658,924,8239.1,194.140902439423,0,12,1,3,10,12,29,0,0,0,1,3,0,0,6,0,0,0,0,0,0,0,0,0,0,0,0,0,0,0,0,0,0,0,0,73,61,72,70,63,61,44,73,73,73,72,70,73,73,67,73,73,73,73,73,73,73,73,73,73,73,73,73,73,73,73,73,73,73,73
"139","Kananaskis","Cell S41",3,1,6,4,0,0,0,1,0,0,0,0,0,0,0,0,0,0,1,0,0,0,0,0,0,0,2,0,0,0,0,0,0,0,0,0,0,0,0,0,0,0,126,660502.999998371,5634737.00012497,0,0.011464340709748,0.305851103836949,0.518578038942265,0.04110551791442,0,0.0444444447755814,1561.99047656562,11.6336066882831,0,0,0.21202435309929,0.017276776923315,0.004175988355847,0,0,0,0.004175988355847,0.21202435309929,1000,58,3113723.61999979,7064,8404,1340,7847.27586206896,328.866433064657,1,0,1,0,4,2,5,0,0,0,0,0,0,0,1,0,0,0,1,0,0,0,0,0,0,0,0,0,0,0,0,0,0,0,0,18,19,18,19,15,17,14,19,19,19,19,19,19,19,18,19,19,19,18,19,19,19,19,19,19,19,19,19,19,19,19,19,19,19,19
"140","Kananaskis","Cell S42",11,4,25,21,0,18,0,2,0,0,0,0,0,0,8,0,0,0,0,0,0,0,5,1,0,3,1,0,0,0,0,0,0,0,0,0,0,0,0,0,0,0,318,671529.999998261,5636264.00012497,0.016861993691903,0.111658060904229,0.084883110987314,0.230561154146146,0.141273972220385,0.397341752053311,0,1428.47066061489,12.8382743372323,0.00593294907025,0,0.140402748227934,0.005917816306031,0.014997607576966,0.007431216251849,0,0,0.014997607576966,0.153766913550033,1000,60,3221093.39999988,7993,8761,768,8443.61666666666,137.24844767388,3,21,0,1,21,10,17,4,0,1,7,0,0,0,2,0,0,0,3,0,3,0,0,0,0,0,0,0,0,0,0,0,0,0,0,71,53,74,73,53,64,57,70,74,73,67,74,74,74,72,74,74,74,71,74,71,74,74,74,74,74,74,74,74,74,74,74,74,74,74
"141","Kananaskis","Cell S44",1,1,1,5,0,2,0,0,0,0,0,0,0,0,1,0,0,0,0,0,0,0,7,0,0,0,0,0,0,0,0,0,0,0,0,0,0,0,0,0,0,0,104,680373.999998176,5632887.00012496,0,0,0,0.474265401628847,0.035135169946189,0.205279015927994,0,1345.70001607002,9.07073911835876,0.003312099762343,0,0,0.019513696743779,0.020861873098571,0.155866639483674,0,0,0.020861873098571,0.159178739246017,1000,58,3113723.61999979,7453,8639,1186,8036.6724137931,266.889709103237,1,2,0,0,5,1,2,7,0,0,1,0,0,0,0,0,0,0,0,0,0,0,0,0,0,0,0,0,0,0,0,0,0,0,0,17,16,18,18,13,17,16,11,18,18,17,18,18,18,18,18,18,18,18,18,18,18,18,18,18,18,18,18,18,18,18,18,18,18,18
"142","Kananaskis","Cell S56",0,0,34,6,0,6,0,0,0,0,0,0,0,0,0,0,0,0,1,0,0,0,4,0,0,0,0,0,0,0,0,0,0,0,0,0,0,0,0,0,0,0,109,684377.99999814,5626833.00012492,0,0.009219288575492,0.511578923387789,0.043998213388069,0,0.016562156188307,0,1234.88977825831,5.72358727833581,0.026364653564031,0.003593043435021,0,0.035150582482271,0.001608804043838,0.460720226624939,0,0,0.001608804043838,0.490677923623991,1000,59,3167408.50999978,6406,8385,1979,7725.30508474576,495.110850599064,0,5,1,0,5,0,14,3,0,0,0,0,0,0,0,0,0,0,0,0,0,0,0,0,0,0,0,0,0,0,0,0,0,0,0,19,14,18,19,14,19,5,16,19,19,19,19,19,19,19,19,19,19,19,19,19,19,19,19,19,19,19,19,19,19,19,19,19,19,19
"143","Kananaskis","Cell S67",8,9,35,10,0,7,0,0,0,0,3,0,0,0,0,0,0,0,11,0,0,0,2,2,0,0,7,0,0,1,0,0,0,0,0,0,0,0,0,0,0,0,368,680776.999998178,5621498.0001249,0,0,0.13790834242182,0.261009035205836,0.191234608657988,0.049558992473757,0,1286.7308024871,4.747620900472,0.00993624174518,0,0,0.009615247758463,0.009658976283726,0.286226143186226,0,0,0.009658976283726,0.296162384931406,1000,59,3167408.50999988,7174,8588,1414,8176.42372881355,337.429475538769,8,6,8,2,11,13,31,2,0,0,1,3,0,0,7,1,0,0,0,0,1,0,0,0,0,0,0,0,0,0,0,0,0,0,0,74,76,74,80,71,69,51,80,82,82,81,79,82,82,75,81,82,82,82,82,81,82,82,82,82,82,82,82,82,82,82,82,82,82,82
"144","Kananaskis","Cell S78",8,17,12,9,0,4,0,0,0,0,0,0,0,0,0,0,0,0,7,0,0,0,4,9,0,0,1,0,0,0,0,0,0,0,0,0,0,0,0,0,0,0,368,684416.999998148,5610734.00012484,0.061429380113886,0.033963274041632,0.207893713021726,0.193019365331977,0.277994389916765,0.130526243741147,0,1358.49253022107,13.0227654393915,0,0,0.155321871608181,0.007049176738944,0.011067896992575,0.170908459552488,0,0,0.011067896992575,0.326230331160669,1000,58,3113723.61999979,7073,8651,1578,8333.27586206896,349.465344989163,12,13,6,7,12,9,13,4,0,0,0,0,0,0,1,0,0,0,0,0,0,0,0,0,0,0,0,0,0,0,0,0,0,0,0,69,68,75,74,69,72,68,77,81,81,81,81,81,81,80,81,81,81,81,81,81,81,81,81,81,81,81,81,81,81,81,81,81,81,81
"145","Kananaskis","Cell S88",2,2,7,2,0,1,0,0,0,2,0,0,0,0,0,0,0,0,1,1,0,0,0,0,0,0,1,0,0,1,0,0,0,0,0,0,0,0,0,0,0,0,109,686028.999998136,5602437.0001248,0.090726498697561,0.022034800246528,0.587220485374522,0.018040526154902,0.178140998876877,0,0,1309.74553721858,5.28105134324144,0.003792941786554,0,0,0.012141389661536,0.002643509122327,0.058876429339225,0,0,0.002643509122327,0.062669371125779,1000,59,3167408.50999978,6399,8541,2142,7855.52542372881,598.39560509841,2,1,1,0,3,2,7,0,3,0,0,0,0,0,1,1,2,0,0,0,0,0,0,0,0,0,0,0,0,0,0,0,0,0,0,18,19,19,20,17,18,13,20,17,20,20,20,20,20,19,19,18,20,20,20,20,20,20,20,20,20,20,20,20,20,20,20,20,20,20
"146","Kananaskis","Cell S94",1,1,10,2,0,0,0,0,0,0,0,0,0,0,0,0,0,0,0,0,0,0,1,1,0,0,0,0,0,0,0,0,0,0,0,0,0,0,0,0,0,0,128,677982.999998217,5597339.00012478,0,0.188940631429483,0.131952146422066,0.441340046712905,0.185897680001805,0,0,1458.33527583226,14.5678433460794,0,0,0,0.006123048272817,0.006770216747286,0.051140895186742,0,0,0.006770216747286,0.051140895186742,1000,58,3113723.61999979,7606,8522,916,8125.60344827586,201.75001086656,1,0,0,1,3,1,4,1,0,0,0,0,0,0,0,0,0,0,0,0,0,0,0,0,0,0,0,0,0,0,0,0,0,0,0,18,19,19,18,16,18,15,18,19,19,19,19,19,19,19,19,19,19,19,19,19,19,19,19,19,19,19,19,19,19,19,19,19,19,19
"147","Kananaskis","Cell S95",2,32,54,9,0,5,0,0,0,0,0,0,0,0,0,0,0,0,0,0,0,0,7,3,0,0,6,0,0,4,0,0,0,0,0,0,0,0,0,0,0,0,366,684110.999998158,5595786.00012477,0.025380999398774,0.174614983525323,0.451050965789396,0.151610387717307,0.110790629533599,0,0,1402.246191954,14.9199866759471,0,0,0,0.005945352086995,0.001709236767339,0.104280978428548,0,0,0.001709236767339,0.104280978428548,1000,59,3167408.50999978,6731,8378,1647,7672.42372881355,459.485128340144,23,7,0,3,10,2,31,7,0,0,0,0,0,0,5,3,0,0,0,0,0,0,0,0,0,0,0,0,0,0,0,0,0,0,0,59,75,82,79,72,80,51,75,82,82,82,82,82,82,77,79,82,82,82,82,82,82,82,82,82,82,82,82,82,82,82,82,82,82,82
